{
    "$schema": "http://schema.management.azure.com/schemas/2015-01-01/deploymentTemplate.json#",
    "contentVersion": "1.0.0.0",
    "parameters": {
        "location": {
            "type": "string"
        },
        "networkInterfaceName1": {
            "type": "string"
        },
        "subnetId": {
            "type": "string"
        },
        "virtualMachineName": {
            "type": "string"
        },
        "osDiskType": {
            "type": "string"
        },
        "osDiskDeleteOption": {
            "type": "string"
        },
        "dataDisks1": {
            "type": "array"
        },
        "virtualMachineSize": {
            "type": "string"
        },
        "nicDeleteOption": {
            "type": "string"
        },
        "adminUsername": {
            "type": "string"
        },
        "adminPassword": {
            "type": "secureString"
        },
        "zone": {
            "type": "string"
        },
        "privateIPAddress":{
            "type": "string"
        },
        "tags":{
            "type": "object"
        }
    },
    "resources": [
        {
            "name": "[parameters('networkInterfaceName1')]",
            "type": "Microsoft.Network/networkInterfaces",
            "apiVersion": "2021-03-01",
            "location": "[parameters('location')]",
            "tags": "[parameters('tags')]",
            "properties": {
                "ipConfigurations": [
                    {
                        "name": "ipconfig1",
                        "properties": {
                            "subnet": {
                                "id": "[parameters('subnetId')]"
                            },
                            "privateIPAllocationMethod": "Static",
                            "privateIPAddress": "[parameters('privateIPAddress')]"
                        }
                    }
                ]
            }
        },
        {
            "name": "[parameters('virtualMachineName')]",
            "type": "Microsoft.Compute/virtualMachines",
            "apiVersion": "2022-03-01",
            "location": "[parameters('location')]",
            "dependsOn": [
                "[concat('Microsoft.Network/networkInterfaces/', parameters('networkInterfaceName1'))]"
            ],
            "tags": "[parameters('tags')]",
            "properties": {
                "hardwareProfile": {
                    "vmSize": "[parameters('virtualMachineSize')]"
                },
                "storageProfile": {
                    "osDisk": {
                        "createOption": "fromImage",
                        "managedDisk": {
                            "storageAccountType": "[parameters('osDiskType')]"
                        },
                        "deleteOption": "[parameters('osDiskDeleteOption')]"
                    },
                    "imageReference": {
                        "publisher": "taniuminc1646329360287",
                        "offer": "tanium_azurevm",
                        "sku": "tanium-tanos",
                        "version": "latest"
                    },
                    "copy": [
                        {
                            "name": "dataDisks",
                            "count": "[length(parameters('dataDisks1'))]",
                            "input": {
                                "lun": "[parameters('dataDisks1')[copyIndex('dataDisks')].lun]",
                                "createOption": "[parameters('dataDisks1')[copyIndex('dataDisks')].createOption]",
                                "caching": "[parameters('dataDisks1')[copyIndex('dataDisks')].caching]",
                                "diskSizeGB": "[parameters('dataDisks1')[copyIndex('dataDisks')].diskSizeGB]",
                                "managedDisk": {
                                    "id": "[coalesce(parameters('dataDisks1')[copyIndex('dataDisks')].id, if(equals(parameters('dataDisks1')[copyIndex('dataDisks')].name, json('null')), json('null'), resourceId('Microsoft.Compute/disks', parameters('dataDisks1')[copyIndex('dataDisks')].name)))]",
                                    "storageAccountType": "[parameters('dataDisks1')[copyIndex('dataDisks')].storageAccountType]"
                                },
                                "deleteOption": "[parameters('dataDisks1')[copyIndex('dataDisks')].deleteOption]",
                                "writeAcceleratorEnabled": "[parameters('dataDisks1')[copyIndex('dataDisks')].writeAcceleratorEnabled]"
                            }
                        }
                    ]
                },
                "networkProfile": {
                    "networkInterfaces": [
                        {
                            "id": "[resourceId('Microsoft.Network/networkInterfaces', parameters('networkInterfaceName1'))]",
                            "properties": {
                                "deleteOption": "[parameters('nicDeleteOption')]"
                            }
                        }
                    ]
                },
                "osProfile": {
                    "computerName": "[parameters('virtualMachineName')]",
                    "adminUsername": "[parameters('adminUsername')]",
                    "adminPassword": "[parameters('adminPassword')]",
                    "linuxConfiguration": {
                        "patchSettings": {
                            "patchMode": "ImageDefault"
                        }
                    }
                },
                "diagnosticsProfile": {
                    "bootDiagnostics": {
                        "enabled": true
                    }
                }
            },
            "plan": {
                "name": "tanium-tanos",
                "publisher": "taniuminc1646329360287",
                "product": "tanium_azurevm"
            },
            "zones": [
                "[parameters('zone')]"
            ]
        }
    ],
    "outputs": {
        "id": {
            "type": "string",
            "value": "[resourceId('Microsoft.Compute/virtualMachines', parameters('virtualMachineName'))]"
        }
    }
}