{
  "name": "Deploy-LX-Arc-Monitoring",
  "type": "Microsoft.Authorization/policyAssignments",
  "apiVersion": "2019-09-01",
  "properties": {
    "description": "Deploy-Linux-Arc-Monitoring.",
    "displayName": "Deploy-Linux-Arc-Monitoring",
    "notScopes": [],
    "parameters": {
      "logAnalytics": {
        "value": "/subscriptions/00000000-0000-0000-0000-000000000000/resourcegroups/${root_scope_id}-mgmt/providers/Microsoft.OperationalInsights/workspaces/${root_scope_id}-la"
      }
    },
    "policyDefinitionId": "/providers/Microsoft.Authorization/policyDefinitions/9d2b61b4-1d14-4a63-be30-d4498e7ad2cf",
    "scope": "${current_scope_resource_id}",
    "enforcementMode": null
  },
  "location": "${default_location}",
  "identity": {
    "type": "SystemAssigned"
  }
}