{
  "name": "Deploy-VM-Monitoring",
  "type": "Microsoft.Authorization/policyAssignments",
  "apiVersion": "2019-09-01",
  "properties": {
    "description": "Ensures that Azure Monitor is configured for Virtual Machines.",
    "displayName": "Deploy-VM-Monitoring",
    "notScopes": [],
    "parameters": {
      "logAnalytics_1": {
        "value": "/subscriptions/9ca00828-7313-4d1a-8e50-8befc39eeb6f/resourcegroups/${root_scope_id}-mgmt/providers/Microsoft.OperationalInsights/workspaces/${root_scope_id}-la"
      }
    },
    "policyDefinitionId": "/providers/Microsoft.Authorization/policySetDefinitions/55f3eceb-5573-4f18-9695-226972c6d74a",
    "scope": "${current_scope_resource_id}",
    "enforcementMode": null
  },
  "location": "${default_location}",
  "identity": {
    "type": "SystemAssigned"
  }
}