{
  "name": "Deploy-Log-Analytics",
  "type": "Microsoft.Authorization/policyAssignments",
  "apiVersion": "2019-09-01",
  "properties": {
    "description": "Deploy-Log-Analytics.",
    "displayName": "Deploy-Log-Analytics",
    "notScopes": [],
    "parameters": {
      "workspaceName": {
        "value": "${root_scope_id}-la"
      },
      "automationAccountName": {
        "value": "${root_scope_id}-automation"
      },
      "workspaceRegion": {
        "value": "${default_location}"
      },
      "automationRegion": {
        "value": "${default_location}"
      },
      "retentionInDays": {
        "value": "30"
      },
      "rgName": {
        "value": "${root_scope_id}-mgmt"
      },
      "effect": {
        "value": "DeployIfNotExists"
      }
    },
    "policyDefinitionId": "${root_scope_resource_id}/providers/Microsoft.Authorization/policyDefinitions/Deploy-Log-Analytics",
    "scope": "${current_scope_resource_id}",
    "enforcementMode": null
  },
  "location": "${default_location}",
  "identity": {
    "type": "SystemAssigned"
  }
}