{
  "name": "Deploy-WS-Arc-Monitoring",
  "type": "Microsoft.Authorization/policyAssignments",
  "apiVersion": "2019-09-01",
  "properties": {
    "description": "Deploys the Log Analytics agent to Windows Azure Arc machines if the agent isn't installed.",
    "displayName": "Deploy-Windows-Arc-Monitoring",
    "notScopes": [],
    "parameters": {
      "logAnalytics": {
        "value": "/subscriptions/00000000-0000-0000-0000-000000000000/resourcegroups/${root_scope_id}-mgmt/providers/Microsoft.OperationalInsights/workspaces/${root_scope_id}-la"
      }
    },
    "policyDefinitionId": "/providers/Microsoft.Authorization/policyDefinitions/69af7d4a-7b18-4044-93a9-2651498ef203",
    "scope": "${current_scope_resource_id}",
    "enforcementMode": null
  },
  "location": "${default_location}",
  "identity": {
    "type": "SystemAssigned"
  }
}