{
  "name": "Deploy-SQL-DB-Auditing",
  "type": "Microsoft.Authorization/policyAssignments",
  "apiVersion": "2019-09-01",
  "properties": {
    "description": "Deploy-SQL-Audit.",
    "displayName": "Deploy-SQL-Audit",
    "notScopes": [],
    "parameters": {},
    "policyDefinitionId": "/providers/Microsoft.Authorization/policyDefinitions/a6fb4358-5bf4-4ad7-ba82-2cd2f41ce5e9",
    "scope": "${current_scope_resource_id}",
    "enforcementMode": null
  },
  "location": "${default_location}",
  "identity": {
    "type": "SystemAssigned"
  }
}