{
  "name": "Deny-http-Ingress-AKS",
  "type": "Microsoft.Authorization/policyAssignments",
  "apiVersion": "2019-09-01",
  "properties": {
    "description": "Enforce-Https-Ingress-AKS.",
    "displayName": "Enforce-Https-Ingress-AKS",
    "notScopes": [],
    "parameters": {
      "effect": {
        "value": "deny"
      }
    },
    "policyDefinitionId": "/providers/Microsoft.Authorization/policyDefinitions/1a5b4dca-0b6f-4cf5-907c-56316bc1bf3d",
    "scope": "${current_scope_resource_id}",
    "enforcementMode": null
  },
  "location": "${default_location}",
  "identity": {
    "type": "None"
  }
}