{
  "name": "Deploy-ASC-Defender",
  "type": "Microsoft.Authorization/policyAssignments",
  "apiVersion": "2019-09-01",
  "properties": {
    "description": "Deploy-ASC-Defender.",
    "displayName": "Deploy-ASC-Defender",
    "notScopes": [],
    "parameters": {
      "emailSecurityContact": {
        "value": "security_contact@replace_me"
      },
      "logAnalytics": {
        "value": "${root_scope_id}-la"
      },
      "ascExportResourceGroupName": {
        "value": "${root_scope_id}-asc-export"
      },
      "ascExportResourceGroupLocation": {
        "value": "${default_location}"
      }
    },
    "policyDefinitionId": "${root_scope_resource_id}/providers/Microsoft.Authorization/policySetDefinitions/Deploy-ASC-Config",
    "scope": "${current_scope_resource_id}",
    "enforcementMode": null
  },
  "location": "${default_location}",
  "identity": {
    "type": "SystemAssigned"
  }
}