{
  "name": "Deny-Priv-Containers-AKS",
  "type": "Microsoft.Authorization/policyAssignments",
  "apiVersion": "2019-09-01",
  "properties": {
    "description": "Deny-Privileged-Containers-AKS.",
    "displayName": "Deny-Privileged-Containers-AKS",
    "notScopes": [],
    "parameters": {
      "effect": {
        "value": "deny"
      }
    },
    "policyDefinitionId": "/providers/Microsoft.Authorization/policyDefinitions/95edb821-ddaf-4404-9732-666045e056b4",
    "scope": "${current_scope_resource_id}",
    "enforcementMode": null
  },
  "location": "${default_location}",
  "identity": {
    "type": "None"
  }
}