{
  "name": "Deploy-VM-Backup",
  "type": "Microsoft.Authorization/policyAssignments",
  "apiVersion": "2019-09-01",
  "properties": {
    "description": "Ensures that Azure Backup is configured for Virtual Machines.",
    "displayName": "Deploy-VM-Backup",
    "notScopes": [],
    "parameters": {},
    "policyDefinitionId": "/providers/Microsoft.Authorization/policyDefinitions/98d0b9f8-fd90-49c9-88e2-d3baf3b0dd86",
    "scope": "${current_scope_resource_id}",
    "enforcementMode": null
  },
  "location": "${default_location}",
  "identity": {
    "type": "SystemAssigned"
  }
}