{
  "name": "Deny-Priv-Escalation-AKS",
  "type": "Microsoft.Authorization/policyAssignments",
  "apiVersion": "2019-09-01",
  "properties": {
    "description": "Deny-Privileged-Escalations-AKS.",
    "displayName": "Deny-Privileged-Escalations-AKS",
    "notScopes": [],
    "parameters": {
      "effect": {
        "value": "deny"
      }
    },
    "policyDefinitionId": "/providers/Microsoft.Authorization/policyDefinitions/1c6e92c9-99f0-4e55-9cf2-0c234dc48f99",
    "scope": "${current_scope_resource_id}",
    "enforcementMode": null
  },
  "location": "${default_location}",
  "identity": {
    "type": "None"
  }
}