{
    "name": "6a237889-66e9-0381-8e03-6225f7501ce1",
    "type": "Microsoft.Authorization/roleDefinitions",
    "apiVersion": "2018-01-01-preview",
    "properties": {
      "roleName": "RBAC-CLDENG",
      "description": "This role is for cloud engineering activity",
      "type": "customRole",
      "permissions": [
        {
          "actions": [
                      
                      "*"
                        ],
          "notActions": [
                      "Microsoft.Authorization/*/Delete",
                      "Microsoft.Authorization/*/Write",
                      "Microsoft.Authorization/elevateAccess/Action",
                      "Microsoft.Blueprint/blueprintAssignments/write",
                      "Microsoft.Blueprint/blueprintAssignments/delete",
                      "Microsoft.Compute/galleries/share/action"
            ],
          "dataActions": [],
          "notDataActions": []
        }
      ],
      "assignableScopes": [
        "${current_scope_resource_id}"
      ]
    }
  }