{
    "name": "Audit-Custom-RBAC-Rule",
    "type": "Microsoft.Authorization/policyAssignments",
    "apiVersion": "2019-09-01",
    "properties": {
      "description": "Audit built-in roles such as 'Owner, Contributer, Reader' instead of custom RBAC roles, which are error prone. Using custom roles is treated as an exception and requires a rigorous review and threat modeling",
      "displayName": "Audit usage of custom RBAC rules",
      "notScopes": [],
      "parameters": {},
      "policyDefinitionId": "/providers/Microsoft.Authorization/policyDefinitions/a451c1ef-c6ca-483d-87ed-f49761e3ffb5",
      "scope": "${current_scope_resource_id}",
      "enforcementMode": null
    },
    "location": "${default_location}",
    "identity": {
      "type": "None"
    }
  }