{
  "name": "Deploy-SqlMi-TLS12",
  "type": "Microsoft.Authorization/policyAssignments",
  "apiVersion": "2019-09-01",
  "properties": {
    "description": "Deploy a specific min TLS version requirement and enforce SSL on SQL managed instances. Enables secure server to client by enforce  minimal Tls Version to secure the connection between your database server and your client applications helps protect against 'man in the middle' attacks by encrypting the data stream between the server and your application. This configuration enforces that SSL is always enabled for accessing your database server.",
    "displayName": "SQL managed instances deploy a specific min TLS version requirement.",
    "notScopes": [],
    "parameters": {},
    "policyDefinitionId": "/providers/Microsoft.Management/managementGroups/msp-root/providers/Microsoft.Authorization/policyDefinitions/Deploy-SqlMi-TLS12",
    "scope": "${current_scope_resource_id}",
    "enforcementMode": null
  },
  "location": "${default_location}",
  "identity": {
    "type": "SystemAssigned"
  }
}