{
    "name": "Audit-Function-HTTPS",
    "type": "Microsoft.Authorization/policyAssignments",
    "apiVersion": "2019-09-01",
    "properties": {
      "description": "Use of HTTPS ensures server/service authentication and protects data in transit from network layer eavesdropping attacks.",
      "displayName": "Function App should only be accessible over HTTPS",
      "notScopes": [],
      "parameters": {},
      "policyDefinitionId": "/providers/Microsoft.Authorization/policyDefinitions/6d555dd1-86f2-4f1c-8ed7-5abae7c6cbab",
      "scope": "${current_scope_resource_id}",
      "enforcementMode": null
    },
    "location": "${default_location}",
    "identity": {
      "type": "None"
    }
  }