{
    "name": "Audit-SqlMI-Backup",
    "type": "Microsoft.Authorization/policyAssignments",
    "apiVersion": "2019-09-01",
    "properties": {
      "displayName": "Audit SQL Managed Instance that doesn't have backup enabled",
      "description": "Audit SQL Managed Instance that doesn't have backup enabled",
      "notScopes": [],
      "parameters": {},
      "policyDefinitionId": "/providers/Microsoft.Management/managementGroups/msp-root/providers/Microsoft.Authorization/policyDefinitions/Audit-SqlMI-Backup",
      "scope": "${current_scope_resource_id}",
      "enforcementMode": null
    },
    "location": "${default_location}",
    "identity": {
      "type": "None"
    }
  }