{
    "name": "Require-Tags-VM",
    "type": "Microsoft.Authorization/policyAssignments",
    "apiVersion": "2019-09-01",
    "properties": {
      "displayName": "Require the tags on the VM",
      "description": "Require the tags on the VM(Role,PatchingSchedule,BackupPolicy,ASREnabled,BrandName,Billing,InternetAccess,Description,Replication)",
      "notScopes": [],
      "parameters": {},
      "policyDefinitionId": "/providers/Microsoft.Management/managementGroups/msp-root/providers/Microsoft.Authorization/policySetDefinitions/Require-Tags-VM",
      "scope": "${current_scope_resource_id}",
      "enforcementMode": null
    },
    "location": "${default_location}",
    "identity": {
      "type": "None"
    }
  }