{
  "name": "Deny-Resource-Locations",
  "type": "Microsoft.Authorization/policyAssignments",
  "apiVersion": "2019-09-01",
  "properties": {
    "description": "Specifies the allowed locations (regions) where Resources can be deployed.",
    "displayName": "Limit allowed locations for Resources",
    "notScopes": ["/subscriptions/4e8fba9a-9170-45dc-9cea-5c03d95ba729/resourceGroups/RG-A3-MGMT-Shared","/subscriptions/46346997-755b-40dd-a056-50f76f2b13dc/resourceGroups/RG-A3-MX-PRD-skytap"],
    "parameters": {
      "listOfAllowedLocations": {
        "value": [

          "uksouth"
        ]
      }
    },
    "policyDefinitionId": "/providers/Microsoft.Authorization/policyDefinitions/e56962a6-4747-49cd-b67b-bf8b01975c4c",
    "scope": "${current_scope_resource_id}",
    "enforcementMode": null
  },
  "location": "${default_location}",
  "identity": {
    "type": "None"
  }
}