{
  "type": "Microsoft.Authorization/policyAssignments",
  "apiVersion": "2022-06-01",
  "name": "Deny-MgmtPorts-Internet",
  "dependsOn": [],
  "properties": {
    "description": "This policy denies any network security rule that allows management port access from the Internet",
    "displayName": "Management port access from the Internet should be blocked",
    "policyDefinitionId": "/providers/Microsoft.Management/managementGroups/alz/providers/Microsoft.Authorization/policyDefinitions/Deny-MgmtPorts-From-Internet",
    "enforcementMode": "Default",
    "nonComplianceMessages": [
      {
        "message": "Management port access from the Internet {enforcementMode} be blocked."
      }
    ],
    "scope": "${current_scope_resource_id}",
    "notScopes": [],
    "parameters": {}
  },
  "location": "${default_location}",
  "identity": {
    "type": "None"
  }
}
