{
    "name": "Audit-SQL-Log-Retention",
    "type": "Microsoft.Authorization/policyAssignments",
    "apiVersion": "2019-09-01",
    "properties": {
      "description": "For incident investigation purposes, we recommend setting the data retention for your SQL Server' auditing to storage account destination to at least 90 days. Confirm that you are meeting the necessary retention rules for the regions in which you are operating. This is sometimes required for compliance with regulatory standards.",
      "displayName": "SQL servers with auditing to storage account destination should be configured with 90 days retention or higher",
      "notScopes": [],
      "parameters": {},
      "policyDefinitionId": "/providers/Microsoft.Authorization/policyDefinitions/89099bee-89e0-4b26-a5f4-165451757743",
      "scope": "${current_scope_resource_id}",
      "enforcementMode": null
    },
    "location": "${default_location}",
    "identity": {
      "type": "None"
    }
  }