{
    "name": "Audit-Sentinel-Linux",
    "type": "Microsoft.Authorization/policyAssignments",
    "apiVersion": "2019-09-01",
    "properties": {
      "displayName": "Audit Linux machines on which Monitor SentinelOne Agent service is not installed and running",
      "description": "Audit Linux machines on which Monitor SentinelOne Agent service is not installed and running",
      "notScopes": [],
      "parameters": {},
      "policyDefinitionId": "/providers/Microsoft.Management/managementGroups/msp-root/providers/Microsoft.Authorization/policyDefinitions/Audit-Sentinel-Linux",
      "scope": "${current_scope_resource_id}",
      "enforcementMode": null
    },
    "location": "${default_location}",
    "identity": {
      "type": "None"
    }
  }