{
    "name": "Require-SQL-TDE",
    "type": "Microsoft.Authorization/policyAssignments",
    "apiVersion": "2019-09-01",
    "properties": {
      "displayName": "Transparent Data Encryption on SQL databases should be enabled",
      "description": "Transparent Data Encryption on SQL databases should be enabled",
      "notScopes": [],
      "parameters": {},
      "policyDefinitionId": "/providers/Microsoft.Management/managementGroups/msp-root/providers/Microsoft.Authorization/policyDefinitions/Require-SQL-TDE",
      "scope": "${current_scope_resource_id}",
      "enforcementMode": null
    },
    "location": "${default_location}",
    "identity": {
      "type": "None"
    }
  }