{
    "name": "Audit-SQL-AAD-Admin",
    "type": "Microsoft.Authorization/policyAssignments",
    "apiVersion": "2019-09-01",
    "properties": {
      "description": "Audit provisioning of an Azure Active Directory administrator for your SQL server to enable Azure AD authentication. Azure AD authentication enables simplified permission management and centralized identity management of database users and other Microsoft services",
      "displayName": "An Azure Active Directory administrator should be provisioned for SQL servers",
      "notScopes": [],
      "parameters": {},
      "policyDefinitionId": "/providers/Microsoft.Authorization/policyDefinitions/1f314764-cb73-4fc9-b863-8eca98ac36e9",
      "scope": "${current_scope_resource_id}",
      "enforcementMode": null
    },
    "location": "${default_location}",
    "identity": {
      "type": "None"
    }
  }