{
    "name": "Audit-WebApp-Remotedebug",
    "type": "Microsoft.Authorization/policyAssignments",
    "apiVersion": "2019-09-01",
    "properties": {
      "description": "Remote debugging requires inbound ports to be opened on a web application. Remote debugging should be turned off.",
      "displayName": "Remote debugging should be turned off for Web Applications",
      "notScopes": [],
      "parameters": {},
      "policyDefinitionId": "/providers/Microsoft.Authorization/policyDefinitions/cb510bfd-1cba-4d9f-a230-cb0976f4bb71",
      "scope": "${current_scope_resource_id}",
      "enforcementMode": null
    },
    "location": "${default_location}",
    "identity": {
      "type": "None"
    }
  }