{
  "name": "Deploy-NSG-FlowLogs", 
  "type": "Microsoft.Authorization/policyAssignments",
  "apiVersion": "2019-09-01",
  "properties": {
    "displayName": "Deploy NSG flow logs and traffic analytics to NSGs if it dosent exists",
    "description": "Deploy NSG flow logs and traffic analytics to NSGs if it dosent exists",
    "notScopes": [],
    "parameters": {},
    "policyDefinitionId": "/providers/Microsoft.Management/managementGroups/msp-root/providers/Microsoft.Authorization/policyDefinitions/Deploy-NSG-FlowLogs",
    "scope": "${current_scope_resource_id}",
    "enforcementMode": null
  },
  "location": "${default_location}",
  "identity": {
    "type": "SystemAssigned"
  }
}