{
    "name": "Deploy-Defender-SQLMI",
    "type": "Microsoft.Authorization/policyAssignments",
    "apiVersion": "2019-09-01",
    "properties": {
      "description": "Enable Azure Defender on your Azure SQL Managed Instances to detect anomalous activities indicating unusual and potentially harmful attempts to access or exploit databases.",
      "displayName": "Configure Azure Defender to be enabled on SQL managed instances",
      "notScopes": [],
      "parameters": {},
      "policyDefinitionId": "/providers/Microsoft.Authorization/policyDefinitions/c5a62eb0-c65a-4220-8a4d-f70dd4ca95dd",
      "scope": "${current_scope_resource_id}",
      "enforcementMode": null
    },
    "location": "${default_location}",
    "identity": {
      "type": "SystemAssigned"
    }
  }