{
    "name": "Audit-NSG-Flow",
    "type": "Microsoft.Authorization/policyAssignments",
    "apiVersion": "2019-09-01",
    "properties": {
      "displayName": "Flow logs should be configured for every network security group",
      "description": "Flow logs should be configured for every network security group",
      "notScopes": [],
      "parameters": {},
      "policyDefinitionId": "/providers/Microsoft.Authorization/policyDefinitions/c251913d-7d24-4958-af87-478ed3b9ba41",
      "scope": "${current_scope_resource_id}",
      "enforcementMode": null
    },
    "location": "${default_location}",
    "identity": {
      "type": "None"
    }
  }