{
  "name": "Deny-SQLDB-Publicaccess",
  "type": "Microsoft.Authorization/policyAssignments",
  "apiVersion": "2019-09-01",
  "properties": {
    "description": "Disabling the public network access property improves security by ensuring your Azure SQL Database can only be accessed from a private endpoint. This configuration denies all logins that match IP or virtual network based firewall rules.",
    "displayName": "Public network access on Azure SQL Database should be disabled",
    "notScopes": [],
    "parameters": {},
    "policyDefinitionId": "/providers/Microsoft.Authorization/policyDefinitions/1b8ca024-1d5c-4dec-8995-b1a932b41780",
    "scope": "${current_scope_resource_id}",
    "enforcementMode": null
  },
  "location": "${default_location}",
  "identity": {
    "type": "None"
  }
}