{
  "name": "Deploy-Sql-AuditSettings",
  "type": "Microsoft.Authorization/policyAssignments",
  "apiVersion": "2019-09-01",
  "properties": {
    "displayName": "Deploy SQL database auditing settings",
    "description": "Deploy auditing settings to SQL Database when it not exist in the deployment",
    "notScopes": [],
    "parameters": {},
    "policyDefinitionId": "/providers/Microsoft.Management/managementGroups/msp-root/providers/Microsoft.Authorization/policyDefinitions/Deploy-Sql-AuditSettings",
    "scope": "${current_scope_resource_id}",
    "enforcementMode": null
  },
  "location": "${default_location}",
  "identity": {
    "type": "SystemAssigned"
  }
}