{
  "type": "Microsoft.Authorization/policyAssignments",
  "apiVersion": "2022-06-01",
  "name": "Enforce-GR-KeyVault",
  "dependsOn": [],
  "properties": {
    "description": "This initiative assignment enables recommended ALZ guardrails for Azure Key Vault.",
    "displayName": "Enforce recommended guardrails for Azure Key Vault",
    "policyDefinitionId": "/providers/Microsoft.Management/managementGroups/alz/providers/Microsoft.Authorization/policySetDefinitions/Enforce-Guardrails-KeyVault",
    "enforcementMode": "Default",
    "scope": "${current_scope_resource_id}",
    "notScopes": [],
    "parameters": {}
  },
  "location": "${default_location}",
  "identity": {
    "type": "None"
  }
}
