{
    "name": "Audit-WebApp-HTTPS",
    "type": "Microsoft.Authorization/policyAssignments",
    "apiVersion": "2019-09-01",
    "properties": {
      "description": "Use of HTTPS ensures server/service authentication and protects data in transit from network layer eavesdropping attacks.",
      "displayName": "Web Application should only be accessible over HTTPS",
      "notScopes": [],
      "parameters": {},
      "policyDefinitionId": "/providers/Microsoft.Authorization/policyDefinitions/a4af4a39-4135-47fb-b175-47fbdf85311d",
      "scope": "${current_scope_resource_id}",
      "enforcementMode": null
    },
    "location": "${default_location}",
    "identity": {
      "type": "None"
    }
  }