{
  "name": "Audit-Subnet-Without-Nsg",
  "type": "Microsoft.Authorization/policyAssignments",
  "apiVersion": "2019-09-01",
  "properties": {
    "description": "This policy denies the creation of a subsnet with out an Network Security Group. NSG help to protect traffic across subnet-level.",
    "displayName": "Subnets should have a Network Security Group",
    "notScopes": [],
    "parameters": {},
    "policyDefinitionId": "/providers/Microsoft.Management/managementGroups/alz/providers/Microsoft.Authorization/policyDefinitions/Audit-Subnet-Without-Nsg",
    "scope": "${current_scope_resource_id}",
    "enforcementMode": null
  },
  "location": "${default_location}",
  "identity": {
    "type": "None"
  }
}