{
  "name": "Deny-Cosmos-Public",
  "type": "Microsoft.Authorization/policyAssignments",
  "apiVersion": "2019-09-01",
  "properties": {
    "description": "Disabling public network access improves security by ensuring that your CosmosDB account isn't exposed on the public internet. Creating private endpoints can limit exposure of your CosmosDB account. Learn more at: https://docs.microsoft.com/azure/cosmos-db/how-to-configure-private-endpoints#blocking-public-network-access-during-account-creation.",
    "displayName": "Azure Cosmos DB should disable public network access",
    "notScopes": [],
    "parameters": {},
    "policyDefinitionId": "/providers/Microsoft.Authorization/policyDefinitions/797b37f7-06b8-444c-b1ad-fc62867f335a",
    "scope": "${current_scope_resource_id}",
    "enforcementMode": null
  },
  "location": "${default_location}",
  "identity": {
    "type": "None"
  }
}