{
  "name": "Audit-Automation-Cert",
  "type": "Microsoft.Authorization/policyAssignments",
  "apiVersion": "2019-09-01",
  "properties": {
    "displayName": "Audit Automation Account certificates expiry time",
    "description": "Raises a non-compliance if the certificate of a run as account for an Automation Account is expired or about to expire in less than 15 days",
    "notScopes": [],
    "parameters": {},
    "policyDefinitionId": "/providers/Microsoft.Management/managementGroups/msp-root/providers/Microsoft.Authorization/policyDefinitions/Audit-Automation-Cert",
    "scope": "${current_scope_resource_id}",
    "enforcementMode": null
  },
  "location": "${default_location}",
  "identity": {
    "type": "None"
  }
}