{
  "type": "Microsoft.Authorization/policyAssignments",
  "apiVersion": "2022-06-01",
  "name": "Deploy-MDFC-Config",
  "location": "${default_location}",
  "dependsOn": [],
  "identity": {
    "type": "SystemAssigned"
  },
  "properties": {
    "description": "Deploy Microsoft Defender for Cloud and Security Contacts",
    "displayName": "Deploy Microsoft Defender for Cloud configuration",
    "policyDefinitionId": "/providers/Microsoft.Management/managementGroups/alz/providers/Microsoft.Authorization/policySetDefinitions/Deploy-MDFC-Config",
    "enforcementMode": "Default",
    "nonComplianceMessages": [
      {
        "message": "Microsoft Defender for Cloud and Security Contacts {enforcementMode} be deployed."
      }
    ],
    "parameters": {
      "emailSecurityContact": {
        "value": "security_contact@replace_me"
      },
      "logAnalytics": { 
        "value": "/subscriptions/9ca00828-7313-4d1a-8e50-8befc39eeb6f/resourcegroups/thc-uks-lz-mgmt-mntring-rg01/providers/microsoft.operationalinsights/workspaces/thc-aa-laworkspace"
       },
      "ascExportResourceGroupName": {
        "value": "${root_scope_id}-asc-export"
      },
      "ascExportResourceGroupLocation": {
        "value": "${default_location}"
      }    },
    "scope": "${current_scope_resource_id}",
    "notScopes": []
  }
}
