{
  "name": "Deny-Keyvault-Softdel",
  "type": "Microsoft.Authorization/policyAssignments",
  "apiVersion": "2019-09-01",
  "properties": {
    "description": "Deleting a key vault without soft delete enabled permanently deletes all secrets, keys, and certificates stored in the key vault. Accidental deletion of a key vault can lead to permanent data loss. Soft delete allows you to recover an accidentally deleted key vault for a configurable retention period.",
    "displayName": "Key vaults should have soft delete enabled",
    "notScopes": [],
    "parameters": {},
    "policyDefinitionId": "/providers/Microsoft.Authorization/policyDefinitions/1e66c121-a66a-4b1f-9b83-0fd99bf0fc2d",
    "scope": "${current_scope_resource_id}",
    "enforcementMode": null
  },
  "location": "${default_location}",
  "identity": {
    "type": "None"
  }
}