{
  "name": "Deny-Rediscache-NonSSL",
  "type": "Microsoft.Authorization/policyAssignments",
  "apiVersion": "2019-09-01",
  "properties": {
    "description": "Audit enabling of only connections via SSL to Azure Cache for Redis. Use of secure connections ensures authentication between the server and the service and protects data in transit from network layer attacks such as man-in-the-middle, eavesdropping, and session-hijacking",
    "displayName": "Only secure connections to your Azure Cache for Redis should be enabled",
    "notScopes": [],
    "parameters": {},
    "policyDefinitionId": "/providers/Microsoft.Authorization/policyDefinitions/22bee202-a82f-4305-9a2a-6d7f44d4dedb",
    "scope": "${current_scope_resource_id}",
    "enforcementMode": null
  },
  "location": "${default_location}",
  "identity": {
    "type": "None"
  }
}