{
  "name": "Deploy-Sql-Security-E",
  "type": "Microsoft.Authorization/policyAssignments",
  "apiVersion": "2019-09-01",
  "properties": {
    "displayName": "Deploy SQL Database security Alert Policies configuration with email admin accounts for Europe",
    "description": "Deploy the security Alert Policies configuration with email admin accounts when it not exist in current configuration",
    "notScopes": [],
    "parameters": {},
    "policyDefinitionId": "/providers/Microsoft.Management/managementGroups/msp-root/providers/Microsoft.Authorization/policyDefinitions/Deploy-Sql-Security-E",
    "scope": "${current_scope_resource_id}",
    "enforcementMode": null
  },
  "location": "${default_location}",
  "identity": {
    "type": "SystemAssigned"
  }
}