{
    "name": "Audit-SQLMIDB-Backup",
    "type": "Microsoft.Authorization/policyAssignments",
    "apiVersion": "2019-09-01",
    "properties": {
      "displayName": "Long-term geo-redundant backup should be enabled for Azure SQL MI Databases",
      "description": "This policy audits any Azure SQL MI Database with long-term geo-redundant backup not enabled.",
      "notScopes": [],
      "parameters": {},
      "policyDefinitionId": "/providers/Microsoft.Management/managementGroups/msp-root/providers/Microsoft.Authorization/policyDefinitions/Audit-SQLMIDB-Backup",
      "scope": "${current_scope_resource_id}",
      "enforcementMode": null
    },
    "location": "${default_location}",
    "identity": {
      "type": "None"
    }
  }