{
    "name": "Deny-SA-Network-Access",
    "type": "Microsoft.Authorization/policyAssignments",
    "apiVersion": "2019-09-01",
    "properties": {
      "description": "Raises a non-compliance if the certificate of a run as account for an Automation Account is expired or about to expire in less than 15 days",
      "displayName": "Audit Automation Account certificates expiry time",
      "notScopes": [],
      "parameters": {},
      "policyDefinitionId": "/providers/Microsoft.Authorization/policyDefinitions/34c877ad-507e-4c82-993e-3452a6e0ad3c",
      "scope": "${current_scope_resource_id}",
      "enforcementMode": null
    },
    "location": "${default_location}",
    "identity": {
      "type": "None"
    }
  }