{
  "name": "Enable-Guest-Configs",
  "type": "Microsoft.Authorization/policyAssignments",
  "apiVersion": "2019-09-01",
  "properties": {
    "displayName": "Deploy prerequisites to enable Guest Configuration policies on virtual machines",
    "description": "This initiative adds a system-assigned managed identity and deploys the platform-appropriate Guest Configuration extension to virtual machines that are eligible to be monitored by Guest Configuration policies. This is a prerequisite for all Guest Configuration policies and must be assigned to the policy assignment scope before using any Guest Configuration policy. For more information on Guest Configuration, visit https://aka.ms/gcpol.",
    "notScopes": [],
    "parameters": {},
    "policyDefinitionId": "/providers/Microsoft.Authorization/policySetDefinitions/12794019-7a00-42cf-95c2-882eed337cc8",
    "scope": "${current_scope_resource_id}",
    "enforcementMode": null
  },
  "location": "${default_location}",
  "identity": {
    "type": "SystemAssigned"
  }
}