{
    "name": "Require-Tags-PAAS",
    "type": "Microsoft.Authorization/policyAssignments",
    "apiVersion": "2019-09-01",
    "properties": {
      "displayName": "Requires a Tag  on PAAS Resources",
      "description": "Enforces a required tag on PAAS Resources(Key Vaults, Storage accounts, Sql Server,Cosmos DB, SQL MI, Web App)",
      "notScopes": ["/subscriptions/4e8fba9a-9170-45dc-9cea-5c03d95ba729/resourceGroups/RG-A3-TF-level0","/subscriptions/4e8fba9a-9170-45dc-9cea-5c03d95ba729/resourceGroups/RG-A3-TF-level1","/subscriptions/4e8fba9a-9170-45dc-9cea-5c03d95ba729/resourceGroups/RG-A3-TF-level2","/subscriptions/4e8fba9a-9170-45dc-9cea-5c03d95ba729/resourceGroups/RG-A3-TF-level3"],
      "parameters": {},
      "policyDefinitionId": "/providers/Microsoft.Management/managementGroups/msp-root/providers/Microsoft.Authorization/policySetDefinitions/Require-Tags-PAAS",
      "scope": "${current_scope_resource_id}",
      "enforcementMode": null
    },
    "location": "${default_location}",
    "identity": {
      "type": "None"
    }
  }