{
    "name": "Audit-VM-Internet-Facing",
    "type": "Microsoft.Authorization/policyAssignments",
    "apiVersion": "2019-09-01",
    "properties": {
      "description": "Protect your virtual machines from potential threats by restricting access to them with network security groups (NSG). Learn more about controlling traffic with NSGs at https://aka.ms/nsg-doc",
      "displayName": "Internet-facing virtual machines should be protected with network security groups",
      "notScopes": [],
      "parameters": {},
      "policyDefinitionId": "/providers/Microsoft.Authorization/policyDefinitions/f6de0be7-9a8a-4b8a-b349-43cf02d22f7c",
      "scope": "${current_scope_resource_id}",
      "enforcementMode": null
    },
    "location": "${default_location}",
    "identity": {
      "type": "None"
    }
  }