{
    "name": "Audit-Azmonitor-Log",
    "type": "Microsoft.Authorization/policyAssignments",
    "apiVersion": "2019-09-01",
    "properties": {
      "description": "This policy ensures that a log profile collects logs for categories 'write,' 'delete,' and 'action'",
      "displayName": "Azure Monitor log profile should collect logs for categories 'write,' 'delete,' and 'action'",
      "notScopes": [],
      "parameters": {},
      "policyDefinitionId": "/providers/Microsoft.Authorization/policyDefinitions/1a4e592a-6a6e-44a5-9814-e36264ca96e7",
      "scope": "${current_scope_resource_id}",
      "enforcementMode": null
    },
    "location": "${default_location}",
    "identity": {
      "type": "None"
    }
  }