{
  "name": "Allowed-Resource",
  "type": "Microsoft.Authorization/policyAssignments",
  "apiVersion": "2019-09-01",
  "properties": {
    "description": "This policy enables you to specify the resource types that your organization can deploy. Only resource types that support 'tags' and 'location' will be affected by this policy. To restrict all resources please duplicate this policy and change the 'mode' to 'All'.",
    "displayName": "Allowed Resource Types.",
    "notScopes": [],
    "parameters": {},
    "policyDefinitionId": "/providers/Microsoft.Authorization/policyDefinitions/a08ec900-254a-4555-9bf5-e42af04b5c5c",
    "scope": "${current_scope_resource_id}",
    "enforcementMode": null
  },
  "location": "${default_location}",
  "identity": {
    "type": "None"
  }
}