{
    "name": "Audit-Eventhub-Authrules",
    "type": "Microsoft.Authorization/policyAssignments",
    "apiVersion": "2019-09-01",
    "properties": {
      "description": "Audit existence of authorization rules on Event Hub entities to grant least-privileged access",
      "displayName": "Authorization rules on the Event Hub instance should be defined",
      "notScopes": [],
      "parameters": {},
      "policyDefinitionId": "/providers/Microsoft.Authorization/policyDefinitions/f4826e5f-6a27-407c-ae3e-9582eb39891d",
      "scope": "${current_scope_resource_id}",
      "enforcementMode": null
    },
    "location": "${default_location}",
    "identity": {
      "type": "None"
    }
  }