{
    "name": "Audit-Deprecated-Account-Subscription-Owner",
    "type": "Microsoft.Authorization/policyAssignments",
    "apiVersion": "2019-09-01",
    "properties": {
      "description": "Deprecated Owner accounts should be removed from your subscriptions.  Deprecated accounts are accounts that have been blocked from signing in.",
      "displayName": "Deprecated accounts with owner permissions should be removed from your subscription",
      "notScopes": [],
      "parameters": {},
      "policyDefinitionId": "/providers/Microsoft.Authorization/policyDefinitions/ebb62a0c-3560-49e1-89ed-27e074e9f8ad",
      "scope": "${current_scope_resource_id}",
      "enforcementMode": null
    },
    "location": "${default_location}",
    "identity": {
      "type": "None"
    }
  }