{
    "name": "Audit-API-HTTPS",
    "type": "Microsoft.Authorization/policyAssignments",
    "apiVersion": "2019-09-01",
    "properties": {
      "description": "Use of HTTPS ensures server/service authentication and protects data in transit from network layer eavesdropping attacks.",
      "displayName": "API App should only be accessible over HTTPS",
      "notScopes": [],
      "parameters": {},
      "policyDefinitionId": "/providers/Microsoft.Authorization/policyDefinitions/b7ddfbdc-1260-477d-91fd-98bd9be789a6",
      "scope": "${current_scope_resource_id}",
      "enforcementMode": null
    },
    "location": "${default_location}",
    "identity": {
      "type": "None"
    }
  }