{
    "name": "Audit-Azsql-Mintls",
    "type": "Microsoft.Authorization/policyAssignments",
    "apiVersion": "2019-09-01",
    "properties": {
      "description": "Setting minimal TLS version to 1.2 improves security by ensuring your Azure SQL Database can only be accessed from clients using TLS 1.2. Using versions of TLS less than 1.2 is not recommended since they have well documented security vulnerabilities.",
      "displayName": "Azure SQL Database should have the minimal TLS version of 1.2",
      "notScopes": [],
      "parameters": {},
      "policyDefinitionId": "/providers/Microsoft.Authorization/policyDefinitions/32e6bbec-16b6-44c2-be37-c5b672d103cf",
      "scope": "${current_scope_resource_id}",
      "enforcementMode": null
    },
    "location": "${default_location}",
    "identity": {
      "type": "None"
    }
  }