{
    "name": "Audit-Email-Notification",
    "type": "Microsoft.Authorization/policyAssignments",
    "apiVersion": "2019-09-01",
    "properties": {
      "description": "To ensure the relevant people in your organization are notified when there is a potential security breach in one of your subscriptions, enable email notifications for high severity alerts in Security Center.",
      "displayName": "Email notification for high severity alerts should be enabled",
      "notScopes": [],
      "parameters": {},
      "policyDefinitionId": "/providers/Microsoft.Authorization/policyDefinitions/6e2593d9-add6-4083-9c9b-4b7d2188c899",
      "scope": "${current_scope_resource_id}",
      "enforcementMode": null
    },
    "location": "${default_location}",
    "identity": {
      "type": "None"
    }
  }