{
    "name": "Require-Tags-RG",
    "type": "Microsoft.Authorization/policyAssignments",
    "apiVersion": "2019-09-01",
    "properties": {
      "displayName": "Require the tags on the resource group",
      "description": "Require the tags on the resource group(Application,Description,Environment,ApplicationOwner,BusinessOwner,SupportedBy,MPGTicketRef,Customer,BrandName,BusinessCriticality,DataClassification)",
      "notScopes": [],
      "parameters": {},
      "policyDefinitionId": "/providers/Microsoft.Management/managementGroups/msp-root/providers/Microsoft.Authorization/policySetDefinitions/Require-Tags-RG",
      "scope": "${current_scope_resource_id}",
      "enforcementMode": null
    },
    "location": "${default_location}",
    "identity": {
      "type": "None"
    }
  }