{
    "name": "Audit-Log-Retention",
    "type": "Microsoft.Authorization/policyAssignments",
    "apiVersion": "2019-09-01",
    "properties": {
      "description": "This policy audits the activity log if the retention is not set for 365 days or forever (retention days set to 0).",
      "displayName": "Activity log should be retained for at least one year",
      "notScopes": [],
      "parameters": {},
      "policyDefinitionId": "/providers/Microsoft.Authorization/policyDefinitions/b02aacc0-b073-424e-8298-42b22829ee0a",
      "scope": "${current_scope_resource_id}",
      "enforcementMode": null
    },
    "location": "${default_location}",
    "identity": {
      "type": "None"
    }
  }