{
    "name": "Audit-API-TLS",
    "type": "Microsoft.Authorization/policyAssignments",
    "apiVersion": "2019-09-01",
    "properties": {
      "description": "Upgrade to the latest TLS version",
      "displayName": "Latest TLS version should be used in your API App",
      "notScopes": [],
      "parameters": {},
      "policyDefinitionId": "/providers/Microsoft.Authorization/policyDefinitions/8cb6aa8b-9e41-4f4e-aa25-089a7ac2581e",
      "scope": "${current_scope_resource_id}",
      "enforcementMode": null
    },
    "location": "${default_location}",
    "identity": {
      "type": "None"
    }
  }