{
    "name": "Audit-Server-Baseline",
    "type": "Microsoft.Authorization/policyAssignments",
    "apiVersion": "2019-09-01",
    "properties": {
      "description": "Servers which do not satisfy the configured baseline will be monitored by Azure Security Center as recommendations",
      "displayName": "Vulnerabilities in security configuration on your machines should be remediated",
      "notScopes": [],
      "parameters": {},
      "policyDefinitionId": "/providers/Microsoft.Authorization/policyDefinitions/e1e5fd5d-3e4c-4ce1-8661-7d1873ae6b15",
      "scope": "${current_scope_resource_id}",
      "enforcementMode": null
    },
    "location": "${default_location}",
    "identity": {
      "type": "None"
    }
  }