{
    "name": "Audit-AA-Encrypted",
    "type": "Microsoft.Authorization/policyAssignments",
    "apiVersion": "2019-09-01",
    "properties": {
      "description": "It is important to enable encryption of Automation account variable assets when storing sensitive data",
      "displayName": "Automation account variables should be encrypted",
      "notScopes": [],
      "parameters": {},
      "policyDefinitionId": "/providers/Microsoft.Authorization/policyDefinitions/3657f5a0-770e-44a3-b44e-9431ba1e9735",
      "scope": "${current_scope_resource_id}",
      "enforcementMode": null
    },
    "location": "${default_location}",
    "identity": {
      "type": "None"
    }
  }