{
  "name": "Deny-ADF-Publicaccess",
  "type": "Microsoft.Authorization/policyAssignments",
  "apiVersion": "2019-09-01",
  "properties": {
    "description": "Disable public network access for your Data Factory so that it is not accessible over the public internet. This can reduce data leakage risks. Learn more at: https://docs.microsoft.com/azure/data-factory/data-factory-private-link.",
    "displayName": "Configure Data Factories to disable public network access",
    "notScopes": [],
    "parameters": {},
    "policyDefinitionId": "/providers/Microsoft.Authorization/policyDefinitions/08b1442b-7789-4130-8506-4f99a97226a7",
    "scope": "${current_scope_resource_id}",
    "enforcementMode": null
  },
  "location": "${default_location}",
  "identity": {
    "type": "SystemAssigned"
  }
}