{
    "name": "Audit-Function-TLS",
    "type": "Microsoft.Authorization/policyAssignments",
    "apiVersion": "2019-09-01",
    "properties": {
      "description": "Upgrade to the latest TLS version",
      "displayName": "Latest TLS version should be used in your Function App",
      "notScopes": [],
      "parameters": {},
      "policyDefinitionId": "/providers/Microsoft.Authorization/policyDefinitions/f9d614c5-c173-4d56-95a7-b4437057d193",
      "scope": "${current_scope_resource_id}",
      "enforcementMode": null
    },
    "location": "${default_location}",
    "identity": {
      "type": "None"
    }
  }