{
    "name": "Audit-VM-ASR",
    "type": "Microsoft.Authorization/policyAssignments",
    "apiVersion": "2019-09-01",
    "properties": {
      "description": "Audit virtual machines which do not have disaster recovery configured. To learn more about disaster recovery, visit https://aka.ms/asr-doc.",
      "displayName": "Audit virtual machines without disaster recovery configured",
      "notScopes": [],
      "parameters": {},
      "policyDefinitionId": "/providers/Microsoft.Authorization/policyDefinitions/0015ea4d-51ff-4ce3-8d8c-f3f8f0179a56",
      "scope": "${current_scope_resource_id}",
      "enforcementMode": null
    },
    "location": "${default_location}",
    "identity": {
      "type": "None"
    }
  }