{
    "name": "Audit-MFA-For-Subscription-Owner-Access",
    "type": "Microsoft.Authorization/policyAssignments",
    "apiVersion": "2019-09-01",
    "properties": {
      "description": "This policy audits if Multi-Factor Authentication (MFA) is enabled for all subscription accounts with owner privileges to prevent a breach of accounts or resources",
      "displayName": "MFA should be enabled on accounts with owner permissions on your subscription",
      "notScopes": [],
      "parameters": {},
      "policyDefinitionId": "/providers/Microsoft.Authorization/policyDefinitions/aa633080-8b72-40c4-a2d7-d00c03e80bed",
      "scope": "${current_scope_resource_id}",
      "enforcementMode": null
    },
    "location": "${default_location}",
    "identity": {
      "type": "None"
    }
  }