{
    "name": "Audit-Diag-RSV",
    "type": "Microsoft.Authorization/policyAssignments",
    "apiVersion": "2019-09-01",
    "properties": {
      "description": "Audit the diagnostic settings for Recovery Services Vault to stream to a regional Log Analytics workspace",
      "displayName": "Audit the diagnostic settings for Recovery Services Vault",
      "notScopes": [],
      "parameters": {},
      "policyDefinitionId": "/providers/Microsoft.Authorization/policyDefinitions/7f89b1eb-583c-429a-8828-af049802c1d9",
      "scope": "${current_scope_resource_id}",
      "enforcementMode": null
    },
    "location": "${default_location}",
    "identity": {
      "type": "None"
    }
  }