{
  "type": "Microsoft.Authorization/policyAssignments",
  "apiVersion": "2022-06-01",
  "name": "Audit-PeDnsZones",
  "dependsOn": [],
  "properties": {
    "description": "Audits the deployment of Private Link Private DNS Zone resources in the Corp landing zone.",
    "displayName": "Audit Private Link Private DNS Zone resources",
    "policyDefinitionId": "/providers/Microsoft.Management/managementGroups/alz/providers/Microsoft.Authorization/policyDefinitions/Audit-PrivateLinkDnsZones",
    "enforcementMode": "Default",
    "nonComplianceMessages": [
      {
        "message": "Private Link Private DNS Zone resources {enforcementMode} be deployed in the Corp landing zone."
      }
    ],
    "parameters": {
      
    },
    "scope": "${current_scope_resource_id}",
    "notScopes": []
  },
  "location": "${default_location}",
  "identity": {
    "type": "None"
  }
}
