{
    "name": "Audit-SQLMI-Mintls",
    "type": "Microsoft.Authorization/policyAssignments",
    "apiVersion": "2019-09-01",
    "properties": {
      "description": "Setting minimal TLS version to 1.2 improves security by ensuring your SQL Managed Instance can only be accessed from clients using TLS 1.2. Using versions of TLS less than 1.2 is not recommended since they have well documented security vulnerabilities.",
      "displayName": "SQL Managed Instance should have the minimal TLS version of 1.2",
      "notScopes": [],
      "parameters": {},
      "policyDefinitionId": "/providers/Microsoft.Authorization/policyDefinitions/a8793640-60f7-487c-b5c3-1d37215905c4",
      "scope": "${current_scope_resource_id}",
      "enforcementMode": null
    },
    "location": "${default_location}",
    "identity": {
      "type": "None"
    }
  }