{
  "name": "Deny-NIC-Publicip",
  "type": "Microsoft.Authorization/policyAssignments",
  "apiVersion": "2019-09-01",
  "properties": {
    "description": "This policy denies the network interfaces which are configured with any public IP. Public IP addresses allow internet resources to communicate inbound to Azure resources, and Azure resources to communicate outbound to the internet. This should be reviewed by the network security team.",
    "displayName": "Network interfaces should not have public IPs",
    "notScopes": [],
    "parameters": {},
    "policyDefinitionId": "/providers/Microsoft.Authorization/policyDefinitions/83a86a26-fd1f-447c-b59d-e51f44264114",
    "scope": "${current_scope_resource_id}",
    "enforcementMode": null
  },
  "location": "${default_location}",
  "identity": {
    "type": "None"
  }
}