{
    "name": "Audit-AzSQL-VA-Enable",
    "type": "Microsoft.Authorization/policyAssignments",
    "apiVersion": "2019-09-01",
    "properties": {
      "description": "Audit Azure SQL servers which do not have recurring vulnerability assessment scans enabled. Vulnerability assessment can discover, track, and help you remediate potential database vulnerabilities.",
      "displayName": "Vulnerability assessment should be enabled on your SQL servers",
      "notScopes": [],
      "parameters": {},
      "policyDefinitionId": "/providers/Microsoft.Authorization/policyDefinitions/ef2a8f2a-b3d9-49cd-a8a8-9a3aaaf647d9",
      "scope": "${current_scope_resource_id}",
      "enforcementMode": null
    },
    "location": "${default_location}",
    "identity": {
      "type": "None"
    }
  }