{
    "name": "Audit-AzSQL-Backup",
    "type": "Microsoft.Authorization/policyAssignments",
    "apiVersion": "2019-09-01",
    "properties": {
      "description": "Long-term geo-redundant backup should be enabled for Azure SQL Databases",
      "displayName": "Long-term geo-redundant backup should be enabled for Azure SQL Databases",
      "notScopes": [],
      "parameters": {},
      "policyDefinitionId": "/providers/Microsoft.Authorization/policyDefinitions/d38fc420-0735-4ef3-ac11-c806f651a570",
      "scope": "${current_scope_resource_id}",
      "enforcementMode": null
    },
    "location": "${default_location}",
    "identity": {
      "type": "None"
    }
  }