{
    "name": "Audit-WebApp-FTPS",
    "type": "Microsoft.Authorization/policyAssignments",
    "apiVersion": "2019-09-01",
    "properties": {
      "description": "Enable FTPS enforcement for enhanced security",
      "displayName": "FTPS should be required in your Web App",
      "notScopes": [],
      "parameters": {},
      "policyDefinitionId": "/providers/Microsoft.Authorization/policyDefinitions/4d24b6d4-5e53-4a4f-a7f4-618fa573ee4b",
      "scope": "${current_scope_resource_id}",
      "enforcementMode": null
    },
    "location": "${default_location}",
    "identity": {
      "type": "None"
    }
  }