{
    "name": "Deploy-Defender-AZSQL",
    "type": "Microsoft.Authorization/policyAssignments",
    "apiVersion": "2019-09-01",
    "properties": {
      "description": "Enable Azure Defender on your Azure SQL Managed Instances to detect anomalous activities indicating unusual and potentially harmful attempts to access or exploit databases.",
      "displayName": "Configure Azure Defender to be enabled on SQL managed instances",
      "notScopes": [],
      "parameters": {},
      "policyDefinitionId": "/providers/Microsoft.Authorization/policyDefinitions/b99b73e7-074b-4089-9395-b7236f094491",
      "scope": "${current_scope_resource_id}",
      "enforcementMode": null
    },
    "location": "${default_location}",
    "identity": {
      "type": "SystemAssigned"
    }
  }