{
    "name": "Audit-POSTGRESQL-SSL",
    "type": "Microsoft.Authorization/policyAssignments",
    "apiVersion": "2019-09-01",
    "properties": {
      "description": "This policy audits any PostgreSQL server that is not enforcing SSL connection. Azure Database for PostgreSQL prefers connecting your client applications to the PostgreSQL service using Secure Sockets Layer (SSL). Enforcing SSL connections between your database server and your client applications helps protect against 'man-in-the-middle' attacks by encrypting the data stream between the server and your application",
      "displayName": "Enforce SSL connection should be enabled for PostgreSQL database servers ",
      "notScopes": [],
      "parameters": {},
      "policyDefinitionId": "/providers/Microsoft.Authorization/policyDefinitions/d158790f-bfb0-486c-8631-2dc6b4e8e6af",
      "scope": "${current_scope_resource_id}",
      "enforcementMode": null
    },
    "location": "${default_location}",
    "identity": {
      "type": "None"
    }
  }