{
  "type": "Microsoft.Authorization/policyAssignments",
  "apiVersion": "2022-06-01",
  "name": "Deploy-VM-Monitoring",
  "location": "${default_location}",
  "dependsOn": [],
  "identity": {
    "type": "SystemAssigned"
  },
  "properties": {
    "description": "Enable Azure Monitor for the virtual machines (VMs) in the specified scope (management group, subscription oor resource group). Takes Log Analytics workspace as parameter.",
    "displayName": "Enable Azure Monitor for VMs",
    "policyDefinitionId": "/providers/Microsoft.Authorization/policySetDefinitions/55f3eceb-5573-4f18-9695-226972c6d74a",
    "enforcementMode": "Default",
    "nonComplianceMessages": [
      {
        "message": "Azure Monitor {enforcementMode} be enabled for Virtual Machines."
      }
    ],
    "parameters": {
      "logAnalytics_1": {
        "value": "/subscriptions/9ca00828-7313-4d1a-8e50-8befc39eeb6f/resourcegroups/thc-uks-lz-mgmt-mntring-rg01/providers/Microsoft.OperationalInsights/workspaces/thc-aa-laworkspace"
      }
    },
    "scope": "${current_scope_resource_id}",
    "notScopes": []
  }
}
