{
    "name": "Audit-Network-Watcher",
    "type": "Microsoft.Authorization/policyAssignments",
    "apiVersion": "2019-09-01",
    "properties": {
      "description": "Network Watcher is a regional service that enables you to monitor and diagnose conditions at a network scenario level in, to, and from Azure. Scenario level monitoring enables you to diagnose problems at an end to end network level view. It is required to have a network watcher resource group to be created in every region where a virtual network is present. An alert is enabled if a network watcher resource group is not available in a particular region.",
      "displayName": "Network Watcher should be enabled",
      "notScopes": [],
      "parameters": {},
      "policyDefinitionId": "/providers/Microsoft.Authorization/policyDefinitions/b6e2945c-0b7b-40f5-9233-7a5323b5cdc6",
      "scope": "${current_scope_resource_id}",
      "enforcementMode": null
    },
    "location": "${default_location}",
    "identity": {
      "type": "None"
    }
  }