{
    "name": "Audit-Azmonitor-Sec",
    "type": "Microsoft.Authorization/policyAssignments",
    "apiVersion": "2019-09-01",
    "properties": {
      "description": "This policy ensures that Security and Audit is deployed.",
      "displayName": "Azure Monitor solution 'Security and Audit' must be deployed",
      "notScopes": [],
      "parameters": {},
      "policyDefinitionId": "/providers/Microsoft.Authorization/policyDefinitions/3e596b57-105f-48a6-be97-03e9243bad6e",
      "scope": "${current_scope_resource_id}",
      "enforcementMode": null
    },
    "location": "${default_location}",
    "identity": {
      "type": "None"
    }
  }