{
  "name": "Audit-Keyvault-Purge",
  "type": "Microsoft.Authorization/policyAssignments",
  "apiVersion": "2019-09-01",
  "properties": {
    "description": "Malicious deletion of a key vault can lead to permanent data loss. A malicious insider in your organization can potentially delete and purge key vaults. Purge protection protects you from insider attacks by enforcing a mandatory retention period for soft deleted key vaults. No one inside your organization or Microsoft will be able to purge your key vaults during the soft delete retention period.",
    "displayName": "Key vaults should have purge protection enabled",
    "notScopes": [],
    "parameters": {},
    "policyDefinitionId": "/providers/Microsoft.Authorization/policyDefinitions/0b60c0b2-2dc2-4e1c-b5c9-abbed971de53",
    "scope": "${current_scope_resource_id}",
    "enforcementMode": null
  },
  "location": "${default_location}",
  "identity": {
    "type": "None"
  }
}