{
    "name": "Deploy-Defender-WEBAPP",
    "type": "Microsoft.Authorization/policyAssignments",
    "apiVersion": "2019-09-01",
    "properties": {
      "description": "Azure Defender for App Service leverages the scale of the cloud, and the visibility that Azure has as a cloud provider, to monitor for common web app attacks.",
      "displayName": "Configure Azure Defender for App Service to be enabled",
      "notScopes": [],
      "parameters": {},
      "policyDefinitionId": "/providers/Microsoft.Authorization/policyDefinitions/b40e7bcd-a1e5-47fe-b9cf-2f534d0bfb7d",
      "scope": "${current_scope_resource_id}",
      "enforcementMode": null
    },
    "location": "${default_location}",
    "identity": {
      "type": "SystemAssigned"
    }
  }