{
    "name": "Audit-Deprecated-Account-Subscription",
    "type": "Microsoft.Authorization/policyAssignments",
    "apiVersion": "2019-09-01",
    "properties": {
      "description": "Deprecated accounts should be removed from your subscriptions.  Deprecated accounts are accounts that have been blocked from signing in.",
      "displayName": "Deprecated accounts should be removed from your subscription",
      "notScopes": [],
      "parameters": {},
      "policyDefinitionId": "/providers/Microsoft.Authorization/policyDefinitions/6b1cbf55-e8b6-442f-ba4c-7246b6381474",
      "scope": "${current_scope_resource_id}",
      "enforcementMode": null
    },
    "location": "${default_location}",
    "identity": {
      "type": "None"
    }
  }