{
    "name": "Audit-VM-Backup",
    "type": "Microsoft.Authorization/policyAssignments",
    "apiVersion": "2019-09-01",
    "properties": {
      "description": "Ensure protection of your Azure Virtual Machines by enabling Azure Backup. Azure Backup is a secure and cost effective data protection solution for Azure.",
      "displayName": "Azure Backup should be enabled for Virtual Machines",
      "notScopes": [],
      "parameters": {},
      "policyDefinitionId": "/providers/Microsoft.Authorization/policyDefinitions/013e242c-8828-4970-87b3-ab247555486d",
      "scope": "${current_scope_resource_id}",
      "enforcementMode": null
    },
    "location": "${default_location}",
    "identity": {
      "type": "None"
    }
  }