{
    "name": "Audit-Function-FTPS",
    "type": "Microsoft.Authorization/policyAssignments",
    "apiVersion": "2019-09-01",
    "properties": {
      "description": "Enable FTPS enforcement for enhanced security",
      "displayName": "FTPS only should be required in your Function App",
      "notScopes": [],
      "parameters": {},
      "policyDefinitionId": "/providers/Microsoft.Authorization/policyDefinitions/399b2637-a50f-4f95-96f8-3a145476eb15",
      "scope": "${current_scope_resource_id}",
      "enforcementMode": null
    },
    "location": "${default_location}",
    "identity": {
      "type": "None"
    }
  }