{
    "name": "Audit-EVENTHUB-AUTH",
    "type": "Microsoft.Authorization/policyAssignments",
    "apiVersion": "2019-09-01",
    "properties": {
      "description": "Event Hub clients should not use a namespace level access policy that provides access to all queues and topics in a namespace. To align with the least privilege security model, you shoud create access policies at the entity level for queues and topics to provide access to only the specific entity",
      "displayName": "All authorization rules except RootManageSharedAccessKey should be removed from Event Hub namespace",
      "notScopes": [],
      "parameters": {},
      "policyDefinitionId": "/providers/Microsoft.Authorization/policyDefinitions/b278e460-7cfc-4451-8294-cccc40a940d7",
      "scope": "${current_scope_resource_id}",
      "enforcementMode": null
    },
    "location": "${default_location}",
    "identity": {
      "type": "None"
    }
  }