{
    "name": "Audit-API-FTPS",
    "type": "Microsoft.Authorization/policyAssignments",
    "apiVersion": "2019-09-01",
    "properties": {
      "description": "Enable FTPS enforcement for enhanced security",
      "displayName": "FTPS only should be required in your API App",
      "notScopes": [],
      "parameters": {},
      "policyDefinitionId": "/providers/Microsoft.Authorization/policyDefinitions/9a1b8c48-453a-4044-86c3-d8bfd823e4f5",
      "scope": "${current_scope_resource_id}",
      "enforcementMode": null
    },
    "location": "${default_location}",
    "identity": {
      "type": "None"
    }
  }