{
  "name": "Deny-VM-NICs",
  "type": "Microsoft.Authorization/policyAssignments",
  "apiVersion": "2019-09-01",
  "properties": {
    "description": "Policy to restrict VM creation with more than one NIC",
    "displayName": "Policy to restrict VM creation with more than one NIC",
    "notScopes": [],
    "parameters": {},
    "policyDefinitionId": "/providers/Microsoft.Management/managementGroups/msp-root/providers/Microsoft.Authorization/policyDefinitions/Deny-VM-NICs",
    "scope": "${current_scope_resource_id}",
    "enforcementMode": null
  },
  "location": "${default_location}",
  "identity": {
    "type": "None"
  }
}