{
    "name": "Audit-VM-MGMT-Ports",
    "type": "Microsoft.Authorization/policyAssignments",
    "apiVersion": "2019-09-01",
    "properties": {
      "description": "Open remote management ports are exposing your VM to a high level of risk from Internet-based attacks. These attacks attempt to brute force credentials to gain admin access to the machine.",
      "displayName": "Management ports should be closed on your virtual machines",
      "notScopes": [],
      "parameters": {},
      "policyDefinitionId": "/providers/Microsoft.Authorization/policyDefinitions/22730e10-96f6-4aac-ad84-9383d35b5917",
      "scope": "${current_scope_resource_id}",
      "enforcementMode": null
    },
    "location": "${default_location}",
    "identity": {
      "type": "None"
    }
  }