{
    "name": "Audit-Func-Remotedebug",
    "type": "Microsoft.Authorization/policyAssignments",
    "apiVersion": "2019-09-01",
    "properties": {
      "description": "Remote debugging requires inbound ports to be opened on function apps. Remote debugging should be turned off.",
      "displayName": "Remote debugging should be turned off for Function Apps",
      "notScopes": [],
      "parameters": {},
      "policyDefinitionId": "/providers/Microsoft.Authorization/policyDefinitions/0e60b895-3786-45da-8377-9c6b4b6ac5f9",
      "scope": "${current_scope_resource_id}",
      "enforcementMode": null
    },
    "location": "${default_location}",
    "identity": {
      "type": "None"
    }
  }