{
  "name": "Inhert-RG-Tags",
  "type": "Microsoft.Authorization/policyAssignments",
  "apiVersion": "2019-09-01",
  "properties": {
    "displayName": "Inherit the tags from the resource group if missing",
    "description": "Inherit the tags from the resource group if missing(Application,Environment,Application Owner,Business Owner,Customer,Brand Name,Business Criticality,Data Classification )",
    "notScopes": [],
    "parameters": {},
    "policyDefinitionId": "/providers/Microsoft.Management/managementGroups/msp-root/providers/Microsoft.Authorization/policySetDefinitions/Inhert-Tags-RG",
    "scope": "${current_scope_resource_id}",
    "enforcementMode": null
  },
  "location": "${default_location}",
  "identity": {
    "type": "SystemAssigned"
  }
}