{
    "name": "Audit-WebApp-TLS",
    "type": "Microsoft.Authorization/policyAssignments",
    "apiVersion": "2019-09-01",
    "properties": {
      "description": "Upgrade to the latest TLS version",
      "displayName": "Latest TLS version should be used in your Web App",
      "notScopes": [],
      "parameters": {},
      "policyDefinitionId": "/providers/Microsoft.Authorization/policyDefinitions/f0e6e85b-9b9f-4a4b-b67b-f730d42f1b0b",
      "scope": "${current_scope_resource_id}",
      "enforcementMode": null
    },
    "location": "${default_location}",
    "identity": {
      "type": "None"
    }
  }