{
  "name": "Deploy-ASC-Defender-ACR",
  "type": "Microsoft.Authorization/policyDefinitions",
  "apiVersion": "2020-09-01",
  "scope": null,
  "properties": {
    "policyType": "Custom",
    "mode": "All",
    "displayName": "Deploy Azure Defender for ACR",
    "description": "Deploy the Azure Defender settings for Azure Container Registry",
    "metadata": {
      "version": "1.0.0",
      "category": "Security Center"
    },
    "parameters": {
      "pricingTier": {
        "type": "string",
        "metadata": {
          "displayName": "Azure Defender pricing tier",
          "description": "Azure Defender pricing tier"
        },
        "allowedValues": [
          "Standard",
          "Free"
        ],
        "defaultValue": "Standard"
      },
      "effect": {
        "type": "string",
        "defaultValue": "DeployIfNotExists",
        "allowedValues": [
          "DeployIfNotExists",
          "Disabled"
        ],
        "metadata": {
          "displayName": "Effect",
          "description": "Enable or disable the execution of the policy"
        }
      }
    },
    "policyRule": {
      "if": {
        "allOf": [
          {
            "field": "type",
            "equals": "Microsoft.Resources/subscriptions"
          }
        ]
      },
      "then": {
        "effect": "[parameters('effect')]",
        "details": {
          "type": "Microsoft.Security/pricings",
          "name": "ContainerRegistry",
          "deploymentScope": "Subscription",
          "existenceScope": "Subscription",
          "roleDefinitionIds": [
            "/providers/Microsoft.Authorization/roleDefinitions/fb1c8493-542b-48eb-b624-b4c8fea62acd"
          ],
          "existenceCondition": {
            "allOf": [
              {
                "field": "Microsoft.Security/pricings/pricingTier",
                "equals": "[parameters('pricingTier')]"
              },
              {
                "field": "type",
                "equals": "Microsoft.Security/pricings"
              }
            ]
          },
          "deployment": {
            "location": "northeurope",
            "properties": {
              "mode": "incremental",
              "parameters": {
                "pricingTier": {
                  "value": "[parameters('pricingTier')]"
                }
              },
              "template": {
                "$schema": "https://schema.management.azure.com/schemas/2015-01-01/deploymentTemplate.json#",
                "contentVersion": "1.0.0.0",
                "parameters": {
                  "pricingTier": {
                    "type": "string",
                    "metadata": {
                      "description": "Azure Defender pricing tier"
                    }
                  }
                },
                "variables": {},
                "resources": [
                  {
                    "type": "Microsoft.Security/pricings",
                    "apiVersion": "2018-06-01",
                    "name": "ContainerRegistry",
                    "properties": {
                      "pricingTier": "[parameters('pricingTier')]"
                    }
                  }
                ],
                "outputs": {}
              }
            }
          }
        }
      }
    }
  }
}