{
  "name": "Deploy-Sql-Tde",
  "type": "Microsoft.Authorization/policyDefinitions",
  "apiVersion": "2020-09-01",
  "scope": null,
  "properties": {
    "policyType": "Custom",
    "mode": "Indexed",
    "displayName": "Deploy SQL Database Transparent Data Encryption ",
    "description": "Deploy the Transparent Data Encryption when it is not enabled in the deployment",
    "metadata": {
      "version": "1.0.0",
      "category": "SQL"
    },
    "parameters": {
      "effect": {
        "type": "String",
        "defaultValue": "DeployIfNotExists",
        "allowedValues": [
          "DeployIfNotExists",
          "Disabled"
        ],
        "metadata": {
          "displayName": "Effect",
          "description": "Enable or disable the execution of the policy"
        }
      }
    },
    "policyRule": {
      "if": {
        "field": "type",
        "equals": "Microsoft.Sql/servers/databases"
      },
      "then": {
        "effect": "[parameters('effect')]",
        "details": {
          "type": "Microsoft.Sql/servers/databases/transparentDataEncryption",
          "existenceCondition": {
            "allOf": [
              {
                "field": "Microsoft.Sql/transparentDataEncryption.status",
                "equals": "Enabled"
              }
            ]
          },
          "deployment": {
            "properties": {
              "mode": "Incremental",
              "template": {
                "$schema": "http://schema.management.azure.com/schemas/2015-01-01/deploymentTemplate.json#",
                "contentVersion": "1.0.0.0",
                "parameters": {
                  "location": {
                    "type": "String"
                  },
                  "sqlServerName": {
                    "type": "String"
                  },
                  "sqlServerDataBaseName": {
                    "type": "String"
                  }
                },
                "variables": {},
                "resources": [
                  {
                    "name": "[concat( parameters('sqlServerName'),'/',parameters('sqlServerDataBaseName'),'/current')]",
                    "type": "Microsoft.Sql/servers/databases/transparentDataEncryption",
                    "apiVersion": "2014-04-01",
                    "properties": {
                      "status": "Enabled"
                    }
                  }
                ],
                "outputs": {}
              },
              "parameters": {
                "location": {
                  "value": "[field('location')]"
                },
                "sqlServerName": {
                  "value": "[first(split(field('fullname'),'/'))]"
                },
                "sqlServerDataBaseName": {
                  "value": "[field('name')]"
                }
              }
            }
          },
          "roleDefinitionIds": [
            "/providers/Microsoft.Authorization/roleDefinitions/056cd41c-7e88-42e1-933e-88ba6a50c9c3"
          ]
        }
      }
    }
  }
}