{
  "name": "Deploy-Budget",
  "type": "Microsoft.Authorization/policyDefinitions",
  "apiVersion": "2020-09-01",
  "scope": null,
  "properties": {
    "policyType": "Custom",
    "mode": "All",
    "displayName": "Deploy a default budget on all subscriptions under the assigned scope",
    "description": "Deploy a default budget on all subscriptions under the assigned scope",
    "metadata": {
      "version": "1.0.0",
      "category": "Budget"
    },
    "parameters": {
      "amount": {
        "type": "String",
        "defaultValue": "1000",
        "metadata": {
          "description": "The total amount of cost or usage to track with the budget"
        }
      },
      "timeGrain": {
        "type": "String",
        "defaultValue": "Monthly",
        "allowedValues": [
          "Monthly",
          "Quarterly",
          "Annually",
          "BillingMonth",
          "BillingQuarter",
          "BillingAnnual"
        ],
        "metadata": {
          "description": "The time covered by a budget. Tracking of the amount will be reset based on the time grain."
        }
      },
      "firstThreshold": {
        "type": "String",
        "defaultValue": "90",
        "metadata": {
          "description": "Threshold value associated with a notification. Notification is sent when the cost exceeded the threshold. It is always percent and has to be between 0 and 1000."
        }
      },
      "secondThreshold": {
        "type": "String",
        "defaultValue": "100",
        "metadata": {
          "description": "Threshold value associated with a notification. Notification is sent when the cost exceeded the threshold. It is always percent and has to be between 0 and 1000."
        }
      },
      "contactRoles": {
        "type": "Array",
        "defaultValue": [
          "Owner",
          "Contributor"
        ],
        "metadata": {
          "description": "The list of contact RBAC roles, in an array, to send the budget notification to when the threshold is exceeded."
        }
      },
      "contactEmails": {
        "type": "Array",
        "defaultValue": [],
        "metadata": {
          "description": "The list of email addresses, in an array, to send the budget notification to when the threshold is exceeded."
        }
      },
      "contactGroups": {
        "type": "Array",
        "defaultValue": [],
        "metadata": {
          "description": "The list of action groups, in an array, to send the budget notification to when the threshold is exceeded. It accepts array of strings."
        }
      }
    },
    "policyRule": {
      "if": {
        "allOf": [
          {
            "field": "type",
            "equals": "Microsoft.Resources/subscriptions"
          }
        ]
      },
      "then": {
        "effect": "DeployIfNotExists",
        "details": {
          "type": "Microsoft.Consumption/budgets",
          "deploymentScope": "Subscription",
          "existenceScope": "Subscription",
          "existenceCondition": {
            "allOf": [
              {
                "field": "Microsoft.Consumption/budgets/amount",
                "equals": "[parameters('amount')]"
              },
              {
                "field": "Microsoft.Consumption/budgets/timeGrain",
                "equals": "[parameters('timeGrain')]"
              },
              {
                "field": "Microsoft.Consumption/budgets/category",
                "equals": "Cost"
              }
            ]
          },
          "roleDefinitionIds": [
            "/providers/Microsoft.Authorization/roleDefinitions/b24988ac-6180-42a0-ab88-20f7382dd24c"
          ],
          "deployment": {
            "location": "northeurope",
            "properties": {
              "mode": "Incremental",
              "parameters": {
                "amount": {
                  "value": "[parameters('amount')]"
                },
                "timeGrain": {
                  "value": "[parameters('timeGrain')]"
                },
                "firstThreshold": {
                  "value": "[parameters('firstThreshold')]"
                },
                "secondThreshold": {
                  "value": "[parameters('secondThreshold')]"
                },
                "contactEmails": {
                  "value": "[parameters('contactEmails')]"
                },
                "contactRoles": {
                  "value": "[parameters('contactRoles')]"
                },
                "contactGroups": {
                  "value": "[parameters('contactGroups')]"
                }
              },
              "template": {
                "$schema": "http://schema.management.azure.com/schemas/2018-05-01/subscriptionDeploymentTemplate.json",
                "contentVersion": "1.0.0.0",
                "parameters": {
                  "amount": {
                    "type": "String"
                  },
                  "timeGrain": {
                    "type": "String"
                  },
                  "firstThreshold": {
                    "type": "String"
                  },
                  "secondThreshold": {
                    "type": "String"
                  },
                  "contactEmails": {
                    "type": "Array"
                  },
                  "contactRoles": {
                    "type": "Array"
                  },
                  "contactGroups": {
                    "type": "Array"
                  },
                  "startDate": {
                    "type": "String",
                    "defaultValue": "[concat(utcNow('MM'), '/01/', utcNow('yyyy'))]"
                  }
                },
                "resources": [
                  {
                    "type": "Microsoft.Consumption/budgets",
                    "apiVersion": "2019-10-01",
                    "name": "default-sandbox-budget",
                    "properties": {
                      "timePeriod": {
                        "startDate": "[parameters('startDate')]"
                      },
                      "timeGrain": "[parameters('timeGrain')]",
                      "amount": "[parameters('amount')]",
                      "category": "Cost",
                      "notifications": {
                        "NotificationForExceededBudget1": {
                          "enabled": true,
                          "operator": "GreaterThan",
                          "threshold": "[parameters('firstThreshold')]",
                          "contactEmails": "[parameters('contactEmails')]",
                          "contactRoles": "[parameters('contactRoles')]",
                          "contactGroups": "[parameters('contactGroups')]"
                        },
                        "NotificationForExceededBudget2": {
                          "enabled": true,
                          "operator": "GreaterThan",
                          "threshold": "[parameters('secondThreshold')]",
                          "contactEmails": "[parameters('contactEmails')]",
                          "contactRoles": "[parameters('contactRoles')]",
                          "contactGroups": "[parameters('contactGroups')]"
                        }
                      }
                    }
                  }
                ]
              }
            }
          }
        }
      }
    }
  }
}