{
  "name": "Deny-PublicEndpoint-Sql",
  "type": "Microsoft.Authorization/policyDefinitions",
  "apiVersion": "2020-09-01",
  "scope": null,
  "properties": {
    "policyType": "Custom",
    "mode": "Indexed",
    "displayName": "Public network access on Azure SQL Database should be disabled",
    "description": "This policy denies creation of Sql servers with exposed public endpoints",
    "metadata": {
      "version": "1.0.0",
      "category": "SQL"
    },
    "parameters": {
      "effect": {
        "type": "String",
        "allowedValues": [
          "Audit",
          "Deny",
          "Disabled"
        ],
        "defaultValue": "Deny",
        "metadata": {
          "displayName": "Effect",
          "description": "Enable or disable the execution of the policy"
        }
      }
    },
    "policyRule": {
      "if": {
        "allOf": [
          {
            "field": "type",
            "equals": "Microsoft.Sql/servers"
          },
          {
            "field": "Microsoft.Sql/servers/publicNetworkAccess",
            "notequals": "Disabled"
          }
        ]
      },
      "then": {
        "effect": "[parameters('effect')]"
      }
    }
  }
}