{
  "name": "Deploy-Log-Analytics",
  "type": "Microsoft.Authorization/policyDefinitions",
  "apiVersion": "2020-09-01",
  "scope": null,
  "properties": {
    "policyType": "Custom",
    "mode": "All",
    "displayName": "Deploy the Log Analytics in the subscription",
    "description": "Deploys Log Analytics and Automation account to the subscription where the policy is assigned.",
    "metadata": {
      "version": "1.0.0",
      "category": "Monitoring"
    },
    "parameters": {
      "workspaceName": {
        "type": "String",
        "metadata": {
          "displayName": "workspaceName",
          "description": "Provide name for log analytics workspace"
        }
      },
      "automationAccountName": {
        "type": "String",
        "metadata": {
          "displayName": "automationAccountName",
          "description": "Provide name for automation account"
        }
      },
      "workspaceRegion": {
        "type": "String",
        "metadata": {
          "displayName": "workspaceRegion",
          "description": "Select Azure region for Log Analytics"
        }
      },
      "automationRegion": {
        "type": "String",
        "metadata": {
          "displayName": "automationRegion",
          "description": "Select Azure region for Automation account"
        }
      },
      "retentionInDays": {
        "type": "String",
        "defaultValue": "30",
        "metadata": {
          "displayName": "Data retention",
          "description": "Select data retention (days) for Log Analytics."
        }
      },
      "rgName": {
        "type": "String",
        "metadata": {
          "displayName": "rgName",
          "description": "Provide name for resource group."
        }
      },
      "effect": {
        "type": "String",
        "defaultValue": "DeployIfNotExists",
        "allowedValues": [
          "DeployIfNotExists",
          "Disabled"
        ],
        "metadata": {
          "displayName": "Effect",
          "description": "Enable or disable the execution of the policy"
        }
      }
    },
    "policyRule": {
      "if": {
        "allOf": [
          {
            "field": "type",
            "equals": "Microsoft.Resources/subscriptions"
          }
        ]
      },
      "then": {
        "effect": "[parameters('effect')]",
        "details": {
          "type": "Microsoft.OperationalInsights/workspaces",
          "deploymentScope": "Subscription",
          "existenceScope": "Subscription",
          "roleDefinitionIds": [
            "/providers/microsoft.authorization/roleDefinitions/749f88d5-cbae-40b8-bcfc-e573ddc772fa",
            "/providers/microsoft.authorization/roleDefinitions/92aaf0da-9dab-42b6-94a3-d43ce8d16293"
          ],
          "existenceCondition": {
            "allOf": [
              {
                "field": "name",
                "like": "[parameters('workspaceName')]"
              }
            ]
          },
          "deployment": {
            "location": "northeurope",
            "properties": {
              "mode": "Incremental",
              "parameters": {
                "rgName": {
                  "value": "[parameters('rgName')]"
                },
                "retentionInDays": {
                  "value": "[parameters('retentionInDays')]"
                },
                "workspaceName": {
                  "value": "[parameters('workspaceName')]"
                },
                "workspaceRegion": {
                  "value": "[parameters('workspaceRegion')]"
                },
                "automationAccountName": {
                  "value": "[parameters('automationAccountName')]"
                },
                "automationRegion": {
                  "value": "[parameters('automationRegion')]"
                }
              },
              "template": {
                "$schema": "http://schema.management.azure.com/schemas/2018-05-01/subscriptionDeploymentTemplate.json",
                "contentVersion": "1.0.0.0",
                "parameters": {
                  "rgName": {
                    "type": "String"
                  },
                  "workspaceName": {
                    "type": "String"
                  },
                  "workspaceRegion": {
                    "type": "String"
                  },
                  "automationAccountName": {
                    "type": "String"
                  },
                  "automationRegion": {
                    "type": "String"
                  },
                  "retentionInDays": {
                    "type": "String"
                  }
                },
                "variables": {},
                "resources": [
                  {
                    "type": "Microsoft.Resources/resourceGroups",
                    "apiVersion": "2018-05-01",
                    "name": "[parameters('rgName')]",
                    "location": "[deployment().location]",
                    "properties": {}
                  },
                  {
                    "type": "Microsoft.Resources/deployments",
                    "apiVersion": "2018-05-01",
                    "name": "log-analytics",
                    "resourceGroup": "[parameters('rgName')]",
                    "dependsOn": [
                      "[resourceId('Microsoft.Resources/resourceGroups/', parameters('rgName'))]"
                    ],
                    "properties": {
                      "mode": "Incremental",
                      "template": {
                        "$schema": "http://schema.management.azure.com/schemas/2015-01-01/deploymentTemplate.json",
                        "contentVersion": "1.0.0.0",
                        "parameters": {},
                        "variables": {},
                        "resources": [
                          {
                            "apiVersion": "2015-10-31",
                            "location": "[parameters('AutomationRegion')]",
                            "name": "[parameters('AutomationAccountName')]",
                            "type": "Microsoft.Automation/automationAccounts",
                            "comments": "Automation account for ",
                            "properties": {
                              "sku": {
                                "name": "Basic"
                              }
                            }
                          },
                          {
                            "apiVersion": "2020-08-01",
                            "location": "[parameters('workspaceRegion')]",
                            "name": "[parameters('workspaceName')]",
                            "type": "Microsoft.OperationalInsights/workspaces",
                            "properties": {
                              "sku": {
                                "name": "PerGB2018"
                              },
                              "enableLogAccessUsingOnlyResourcePermissions": true,
                              "retentionInDays": "[int(parameters('retentionInDays'))]"
                            },
                            "resources": [
                              {
                                "name": "Automation",
                                "type": "linkedServices",
                                "apiVersion": "2020-08-01",
                                "dependsOn": [
                                  "[resourceId('Microsoft.OperationalInsights/workspaces/', parameters('workspaceName'))]",
                                  "[resourceId('Microsoft.Automation/automationAccounts/', parameters('AutomationAccountName'))]"
                                ],
                                "properties": {
                                  "resourceId": "[concat(subscription().id, '/resourceGroups/', parameters('rgName'), '/providers/Microsoft.Automation/automationAccounts/', parameters('AutomationAccountName'))]"
                                }
                              }
                            ]
                          }
                        ],
                        "outputs": {}
                      }
                    }
                  }
                ],
                "outputs": {}
              }
            }
          }
        }
      }
    }
  }
}