{
  "name": "Deploy-vWAN",
  "type": "Microsoft.Authorization/policyDefinitions",
  "apiVersion": "2020-09-01",
  "scope": null,
  "properties": {
    "policyType": "Custom",
    "mode": "All",
    "displayName": "Deploy the Virtual WAN in the specific region",
    "description": "Deploy the Virtual WAN in the specific region.",
    "metadata": {
      "version": "1.0.0",
      "category": "Network"
    },
    "parameters": {
      "vwanname": {
        "type": "String",
        "metadata": {
          "displayName": "vwanname",
          "description": "Name of the Virtual WAN"
        }
      },
      "vwanRegion": {
        "type": "String",
        "metadata": {
          "displayName": "vwanRegion",
          "description": "Select Azure region for Virtual WAN",
          "strongType": "location"
        }
      },
      "rgName": {
        "type": "String",
        "metadata": {
          "displayName": "rgName",
          "description": "Provide name for resource group."
        }
      },
      "effect": {
        "type": "String",
        "defaultValue": "DeployIfNotExists",
        "allowedValues": [
          "DeployIfNotExists",
          "Disabled"
        ],
        "metadata": {
          "displayName": "Effect",
          "description": "Enable or disable the execution of the policy"
        }
      }
    },
    "policyRule": {
      "if": {
        "allOf": [
          {
            "field": "type",
            "equals": "Microsoft.Resources/subscriptions"
          }
        ]
      },
      "then": {
        "effect": "[parameters('effect')]",
        "details": {
          "type": "Microsoft.Network/virtualWans",
          "deploymentScope": "Subscription",
          "existenceScope": "ResourceGroup",
          "name": "[parameters('vwanname')]",
          "resourceGroupName": "[parameters('rgName')]",
          "roleDefinitionIds": [
            "/providers/Microsoft.Authorization/roleDefinitions/b24988ac-6180-42a0-ab88-20f7382dd24c"
          ],
          "deployment": {
            "location": "northeurope",
            "properties": {
              "mode": "Incremental",
              "parameters": {
                "rgName": {
                  "value": "[parameters('rgName')]"
                },
                "vwanname": {
                  "value": "[parameters('vwanname')]"
                },
                "vwanRegion": {
                  "value": "[parameters('vwanRegion')]"
                }
              },
              "template": {
                "$schema": "http://schema.management.azure.com/schemas/2018-05-01/subscriptionDeploymentTemplate.json",
                "contentVersion": "1.0.0.0",
                "parameters": {
                  "rgName": {
                    "type": "String"
                  },
                  "vwanname": {
                    "type": "String"
                  },
                  "vwanRegion": {
                    "type": "String"
                  }
                },
                "variables": {
                  "vwansku": "Standard"
                },
                "resources": [
                  {
                    "type": "Microsoft.Resources/resourceGroups",
                    "apiVersion": "2018-05-01",
                    "name": "[parameters('rgName')]",
                    "location": "[deployment().location]",
                    "properties": {}
                  },
                  {
                    "type": "Microsoft.Resources/deployments",
                    "apiVersion": "2018-05-01",
                    "name": "vwan",
                    "resourceGroup": "[parameters('rgName')]",
                    "dependsOn": [
                      "[resourceId('Microsoft.Resources/resourceGroups/', parameters('rgName'))]"
                    ],
                    "properties": {
                      "mode": "Incremental",
                      "template": {
                        "$schema": "http://schema.management.azure.com/schemas/2015-01-01/deploymentTemplate.json",
                        "contentVersion": "1.0.0.0",
                        "parameters": {},
                        "resources": [
                          {
                            "type": "Microsoft.Network/virtualWans",
                            "apiVersion": "2020-05-01",
                            "location": "[parameters('vwanRegion')]",
                            "name": "[parameters('vwanname')]",
                            "properties": {
                              "virtualHubs": [],
                              "vpnSites": [],
                              "type": "[variables('vwansku')]"
                            }
                          }
                        ],
                        "outputs": {}
                      }
                    }
                  }
                ],
                "outputs": {}
              }
            }
          }
        }
      }
    }
  }
}