{
  "name": "Deny-PublicEndpoint-Aks",
  "type": "Microsoft.Authorization/policyDefinitions",
  "apiVersion": "2020-09-01",
  "scope": null,
  "properties": {
    "policyType": "Custom",
    "mode": "Indexed",
    "displayName": "Public network access on AKS API should be disabled",
    "description": "This policy denies  the creation of  Azure Kubernetes Service non-private clusters",
    "metadata": {
      "version": "1.0.0",
      "category": "Kubernetes"
    },
    "parameters": {
      "effect": {
        "type": "String",
        "allowedValues": [
          "Audit",
          "Deny",
          "Disabled"
        ],
        "defaultValue": "Deny",
        "metadata": {
          "displayName": "Effect",
          "description": "Enable or disable the execution of the policy"
        }
      }
    },
    "policyRule": {
      "if": {
        "allOf": [
          {
            "field": "type",
            "equals": "Microsoft.ContainerService/managedClusters"
          },
          {
            "field": "Microsoft.ContainerService/managedClusters/apiServerAccessProfile.enablePrivateCluster",
            "notequals": "true"
          }
        ]
      },
      "then": {
        "effect": "[parameters('effect')]"
      }
    }
  }
}