{
  "name": "Deny-PublicEndpoints",
  "type": "Microsoft.Authorization/policySetDefinitions",
  "apiVersion": "2020-09-01",
  "scope": null,
  "properties": {
    "policyType": "Custom",
    "displayName": "Public network access should be disabled for PAAS services",
    "description": "This policy denies creation of Azure PAAS services with exposed public endpoints.  This policy set includes the policy for the following services KeyVault, Storage accounts, AKS, Cosmos, SQL Servers, MariaDB, MySQL and Postgress. ",
    "metadata": {
      "version": "1.0.0",
      "category": "Network"
    },
    "parameters": {
      "CosmosPublicIpDenyEffect": {
        "type": "String",
        "defaultValue": "Deny",
        "allowedValues": [
          "Audit",
          "Deny",
          "Disabled"
        ],
        "metadata": {
          "displayName": "Public network access should be disabled for CosmosDB",
          "description": "This policy denies that  Cosmos database accounts  are created with out public network access is disabled."
        }
      },
      "MariaDBPublicIpDenyEffect": {
        "type": "String",
        "defaultValue": "Deny",
        "allowedValues": [
          "Audit",
          "Deny",
          "Disabled"
        ],
        "metadata": {
          "displayName": "Public network access should be disabled for MariaDB",
          "description": "This policy denies the creation of Maria DB accounts with exposed public endpoints"
        }
      },
      "MySQLPublicIpDenyEffect": {
        "type": "String",
        "defaultValue": "Deny",
        "allowedValues": [
          "Audit",
          "Deny",
          "Disabled"
        ],
        "metadata": {
          "displayName": "Public network access should be disabled for MySQL",
          "description": "This policy denies creation of MySql DB accounts with exposed public endpoints"
        }
      },
      "PostgreSQLPublicIpDenyEffect": {
        "type": "String",
        "defaultValue": "Deny",
        "allowedValues": [
          "Audit",
          "Deny",
          "Disabled"
        ],
        "metadata": {
          "displayName": "Public network access should be disabled for PostgreSql",
          "description": "This policy denies creation of Postgre SQL DB accounts with exposed public endpoints"
        }
      },
      "KeyVaultPublicIpDenyEffect": {
        "type": "String",
        "defaultValue": "Deny",
        "allowedValues": [
          "Audit",
          "Deny",
          "Disabled"
        ],
        "metadata": {
          "displayName": "Public network access should be disabled for KeyVault",
          "description": "This policy denies creation of Key Vaults with IP Firewall exposed to all public endpoints"
        }
      },
      "SqlServerPublicIpDenyEffect": {
        "type": "String",
        "defaultValue": "Deny",
        "allowedValues": [
          "Audit",
          "Deny",
          "Disabled"
        ],
        "metadata": {
          "displayName": "Public network access on Azure SQL Database should be disabled",
          "description": "This policy denies creation of Sql servers with exposed public endpoints"
        }
      },
      "StoragePublicIpDenyEffect": {
        "type": "String",
        "defaultValue": "Deny",
        "allowedValues": [
          "Audit",
          "Deny",
          "Disabled"
        ],
        "metadata": {
          "displayName": "Public network access onStorage accounts should be disabled",
          "description": "This policy denies creation of storage accounts with IP Firewall exposed to all public endpoints"
        }
      },
      "AKSPublicIpDenyEffect": {
        "type": "String",
        "defaultValue": "Deny",
        "allowedValues": [
          "Audit",
          "Deny",
          "Disabled"
        ],
        "metadata": {
          "displayName": "Public network access on AKS API should be disabled",
          "description": "This policy denies  the creation of  Azure Kubernetes Service non-private clusters"
        }
      }
    },
    "policyDefinitions": [
      {
        "policyDefinitionReferenceId": "CosmosDenyPaasPublicIP",
        "policyDefinitionId": "${root_scope_resource_id}/providers/Microsoft.Authorization/policyDefinitions/Deny-PublicEndpoint-CosmosDB",
        "parameters": {
          "effect": {
            "value": "[parameters('CosmosPublicIpDenyEffect')]"
          }
        },
        "groupNames": []
      },
      {
        "policyDefinitionReferenceId": "MariaDBDenyPaasPublicIP",
        "policyDefinitionId": "${root_scope_resource_id}/providers/Microsoft.Authorization/policyDefinitions/Deny-PublicEndpoint-MariaDB",
        "parameters": {
          "effect": {
            "value": "[parameters('MariaDBPublicIpDenyEffect')]"
          }
        },
        "groupNames": []
      },
      {
        "policyDefinitionReferenceId": "MySQLDenyPaasPublicIP",
        "policyDefinitionId": "${root_scope_resource_id}/providers/Microsoft.Authorization/policyDefinitions/Deny-PublicEndpoint-MySQL",
        "parameters": {
          "effect": {
            "value": "[parameters('MySQLPublicIpDenyEffect')]"
          }
        },
        "groupNames": []
      },
      {
        "policyDefinitionReferenceId": "PostgreSQLDenyPaasPublicIP",
        "policyDefinitionId": "${root_scope_resource_id}/providers/Microsoft.Authorization/policyDefinitions/Deny-PublicEndpoint-PostgreSql",
        "parameters": {
          "effect": {
            "value": "[parameters('PostgreSQLPublicIpDenyEffect')]"
          }
        },
        "groupNames": []
      },
      {
        "policyDefinitionReferenceId": "KeyVaultDenyPaasPublicIP",
        "policyDefinitionId": "${root_scope_resource_id}/providers/Microsoft.Authorization/policyDefinitions/Deny-PublicEndpoint-KeyVault",
        "parameters": {
          "effect": {
            "value": "[parameters('KeyVaultPublicIpDenyEffect')]"
          }
        },
        "groupNames": []
      },
      {
        "policyDefinitionReferenceId": "SqlServerDenyPaasPublicIP",
        "policyDefinitionId": "${root_scope_resource_id}/providers/Microsoft.Authorization/policyDefinitions/Deny-PublicEndpoint-Sql",
        "parameters": {
          "effect": {
            "value": "[parameters('SqlServerPublicIpDenyEffect')]"
          }
        },
        "groupNames": []
      },
      {
        "policyDefinitionReferenceId": "StorageDenyPaasPublicIP",
        "policyDefinitionId": "${root_scope_resource_id}/providers/Microsoft.Authorization/policyDefinitions/Deny-PublicEndpoint-Storage",
        "parameters": {
          "effect": {
            "value": "[parameters('StoragePublicIpDenyEffect')]"
          }
        },
        "groupNames": []
      },
      {
        "policyDefinitionReferenceId": "AKSDenyPaasPublicIP",
        "policyDefinitionId": "${root_scope_resource_id}/providers/Microsoft.Authorization/policyDefinitions/Deny-PublicEndpoint-Aks",
        "parameters": {
          "effect": {
            "value": "[parameters('AKSPublicIpDenyEffect')]"
          }
        },
        "groupNames": []
      }
    ],
    "policyDefinitionGroups": null
  }
}