{
  "name": "Deploy-ASC-Config",
  "type": "Microsoft.Authorization/policySetDefinitions",
  "apiVersion": "2020-09-01",
  "scope": null,
  "properties": {
    "policyType": "Custom",
    "displayName": "Deploy Azure Security Center configuration",
    "description": "Deploy Azure Security Center configuration",
    "metadata": {
      "version": "1.0.0",
      "category": "Security Center"
    },
    "parameters": {
      "emailSecurityContact": {
        "type": "string",
        "metadata": {
          "displayName": "Security contacts email address",
          "description": "Provide email address for Azure Security Center contact details"
        }
      },
      "logAnalytics": {
        "type": "String",
        "metadata": {
          "displayName": "Primary Log Analytics workspace",
          "description": "Select Log Analytics workspace from dropdown list. If this workspace is outside of the scope of the assignment you must manually grant 'Log Analytics Contributor' permissions (or similar) to the policy assignment's principal ID.",
          "strongType": "omsWorkspace"
        }
      },
      "ascExportResourceGroupName": {
        "type": "String",
        "metadata": {
          "displayName": "Resource Group name for the export to Log Analytics workspace configuration",
          "description": "The resource group name where the export to Log Analytics workspace configuration is created. If you enter a name for a resource group that doesn't exist, it'll be created in the subscription. Note that each resource group can only have one export to Log Analytics workspace configured."
        }
      },
      "ascExportResourceGroupLocation": {
        "type": "String",
        "metadata": {
          "displayName": "Resource Group location for the export to Log Analytics workspace configuration",
          "description": "The location where the resource group and the export to Log Analytics workspace configuration are created."
        }
      },
      "pricingTierVMs": {
        "type": "string",
        "metadata": {
          "displayName": "Azure Defender pricing tier for Virtual Machines",
          "description": "Azure Defender pricing tier for Virtual Machines"
        },
        "allowedValues": [
          "Standard",
          "Free"
        ],
        "defaultValue": "Standard"
      },
      "pricingTierSqlServers": {
        "type": "string",
        "metadata": {
          "displayName": "Azure Defender pricing tier for SQL Servers",
          "description": "Azure Defender pricing tier for SQL Servers"
        },
        "allowedValues": [
          "Standard",
          "Free"
        ],
        "defaultValue": "Standard"
      },
      "pricingTierAppServices": {
        "type": "string",
        "metadata": {
          "displayName": "Azure Defender pricing tier for App Services",
          "description": "Azure Defender pricing tier for App Services"
        },
        "allowedValues": [
          "Standard",
          "Free"
        ],
        "defaultValue": "Standard"
      },
      "pricingTierStorageAccounts": {
        "type": "string",
        "metadata": {
          "displayName": "Azure Defender pricing tier for Storage Accounts",
          "description": "Azure Defender pricing tier for Storage Accounts"
        },
        "allowedValues": [
          "Standard",
          "Free"
        ],
        "defaultValue": "Standard"
      },
      "pricingTierSqlServerVirtualMachines": {
        "type": "string",
        "metadata": {
          "displayName": "Azure Defender pricing tier for SQL Server Virtual Machines",
          "description": "Azure Defender pricing tier for SQL Server Virtual Machines"
        },
        "allowedValues": [
          "Standard",
          "Free"
        ],
        "defaultValue": "Standard"
      },
      "pricingTierKubernetesService": {
        "type": "string",
        "metadata": {
          "displayName": "Azure Defender pricing tier for AKS",
          "description": "Azure Defender pricing tier for AKS"
        },
        "allowedValues": [
          "Standard",
          "Free"
        ],
        "defaultValue": "Standard"
      },
      "pricingTierContainerRegistry": {
        "type": "string",
        "metadata": {
          "displayName": "Azure Defender pricing tier for ACR",
          "description": "Azure Defender pricing tier for ACR"
        },
        "allowedValues": [
          "Standard",
          "Free"
        ],
        "defaultValue": "Standard"
      },
      "pricingTierKeyVaults": {
        "type": "string",
        "metadata": {
          "displayName": "Azure Defender pricing tier for AKV",
          "description": "Azure Defender pricing tier for AKV"
        },
        "allowedValues": [
          "Standard",
          "Free"
        ],
        "defaultValue": "Standard"
      },
      "pricingTierDns": {
        "type": "string",
        "metadata": {
          "displayName": "Azure Defender pricing tier for DNS",
          "description": "Azure Defender pricing tier for DNS"
        },
        "allowedValues": [
          "Standard",
          "Free"
        ],
        "defaultValue": "Standard"
      },
      "pricingTierArm": {
        "type": "string",
        "metadata": {
          "displayName": "Azure Defender pricing tier for Azure Resource Manager",
          "description": "Azure Defender pricing tier for Azure Resource Manager"
        },
        "allowedValues": [
          "Standard",
          "Free"
        ],
        "defaultValue": "Standard"
      }
    },
    "policyDefinitions": [
      {
        "policyDefinitionReferenceId": "defenderForVM",
        "policyDefinitionId": "${root_scope_resource_id}/providers/Microsoft.Authorization/policyDefinitions/Deploy-ASC-Defender-VMs",
        "parameters": {
          "pricingTier": {
            "value": "[parameters('pricingTierVMs')]"
          }
        },
        "groupNames": []
      },
      {
        "policyDefinitionReferenceId": "defenderForSqlServers",
        "policyDefinitionId": "${root_scope_resource_id}/providers/Microsoft.Authorization/policyDefinitions/Deploy-ASC-Defender-Sql",
        "parameters": {
          "pricingTier": {
            "value": "[parameters('pricingTierSqlServers')]"
          }
        },
        "groupNames": []
      },
      {
        "policyDefinitionReferenceId": "defenderForAppServices",
        "policyDefinitionId": "${root_scope_resource_id}/providers/Microsoft.Authorization/policyDefinitions/Deploy-ASC-Defender-AppSrv",
        "parameters": {
          "pricingTier": {
            "value": "[parameters('pricingTierAppServices')]"
          }
        },
        "groupNames": []
      },
      {
        "policyDefinitionReferenceId": "defenderForStorageAccounts",
        "policyDefinitionId": "${root_scope_resource_id}/providers/Microsoft.Authorization/policyDefinitions/Deploy-ASC-Defender-SA",
        "parameters": {
          "pricingTier": {
            "value": "[parameters('pricingTierStorageAccounts')]"
          }
        },
        "groupNames": []
      },
      {
        "policyDefinitionReferenceId": "defenderForSqlServerVirtualMachines",
        "policyDefinitionId": "${root_scope_resource_id}/providers/Microsoft.Authorization/policyDefinitions/Deploy-ASC-Defender-SQLVM",
        "parameters": {
          "pricingTier": {
            "value": "[parameters('pricingTierSqlServerVirtualMachines')]"
          }
        },
        "groupNames": []
      },
      {
        "policyDefinitionReferenceId": "defenderForKubernetesService",
        "policyDefinitionId": "${root_scope_resource_id}/providers/Microsoft.Authorization/policyDefinitions/Deploy-ASC-Defender-AKS",
        "parameters": {
          "pricingTier": {
            "value": "[parameters('pricingTierKubernetesService')]"
          }
        },
        "groupNames": []
      },
      {
        "policyDefinitionReferenceId": "defenderForContainerRegistry",
        "policyDefinitionId": "${root_scope_resource_id}/providers/Microsoft.Authorization/policyDefinitions/Deploy-ASC-Defender-ACR",
        "parameters": {
          "pricingTier": {
            "value": "[parameters('pricingTierContainerRegistry')]"
          }
        },
        "groupNames": []
      },
      {
        "policyDefinitionReferenceId": "defenderForKeyVaults",
        "policyDefinitionId": "${root_scope_resource_id}/providers/Microsoft.Authorization/policyDefinitions/Deploy-ASC-Defender-AKV",
        "parameters": {
          "pricingTier": {
            "value": "[parameters('pricingTierKeyVaults')]"
          }
        },
        "groupNames": []
      },
      {
        "policyDefinitionReferenceId": "defenderForDns",
        "policyDefinitionId": "${root_scope_resource_id}/providers/Microsoft.Authorization/policyDefinitions/Deploy-ASC-Defender-DNS",
        "parameters": {
          "pricingTier": {
            "value": "[parameters('pricingTierDns')]"
          }
        },
        "groupNames": []
      },
      {
        "policyDefinitionReferenceId": "defenderForArm",
        "policyDefinitionId": "${root_scope_resource_id}/providers/Microsoft.Authorization/policyDefinitions/Deploy-ASC-Defender-ARM",
        "parameters": {
          "pricingTier": {
            "value": "[parameters('pricingTierArm')]"
          }
        },
        "groupNames": []
      },
      {
        "policyDefinitionReferenceId": "securityEmailContact",
        "policyDefinitionId": "${root_scope_resource_id}/providers/Microsoft.Authorization/policyDefinitions/Deploy-ASC-SecurityContacts",
        "parameters": {
          "emailSecurityContact": {
            "value": "[parameters('emailSecurityContact')]"
          }
        },
        "groupNames": []
      },
      {
        "policyDefinitionReferenceId": "ascExport",
        "policyDefinitionId": "/providers/Microsoft.Authorization/policyDefinitions/ffb6f416-7bd2-4488-8828-56585fef2be9",
        "parameters": {
          "resourceGroupName": {
            "value": "[parameters('ascExportResourceGroupName')]"
          },
          "resourceGroupLocation": {
            "value": "[parameters('ascExportResourceGroupLocation')]"
          },
          "workspaceResourceId": {
            "value": "[parameters('logAnalytics')]"
          }
        },
        "groupNames": []
      }
    ],
    "policyDefinitionGroups": null
  }
}