{
    "msp_europe_mgmt": {
        "policy_assignments": [
            "Deny-RDP-From-Internet",
            "Deploy-Guest-Prereq",
            "Audit-Sentinel-Linux",
            "Audit-Tanium-Linux",
            "Audit-Splunk-Linux",
            "Audit-Sentinel-Windows",
            "Audit-Tanium-Windows",
            "Audit-Splunk-Windows",
            "Audit-SqlMI-Backup",
            "Audit-Fileshare-Backup",
            "Audit-SQLMIDB-Backup"
        ],
        "policy_definitions": [],
        "policy_set_definitions": [],
        "role_definitions": [],
        "archetype_config": {
            "parameters": {},
            "access_control": {}
        }
    }
}
