{
    "thcalz_root": {
        "policy_assignments": [
            "Deny-RSG-Locations",
            "Audit-Resource-Location",
            "Resources_Zone_Resilient",
            "Deploy-VM-Monitoring",
            "Deploy-ASC-Monitoring",
            "Deploy-VMSS-Monitoring",
            "AZDFC-SQLMInstances",
            "ATP-Opensourcerdmsdb",
            "Deploy-MDEndpoints",
            "Deny-Classic-Resources",
            "Deny-VM-UnmanagedDisk",
            "Deploy-MDFC-Config",
            "Deploy-Resource-Diag",                        
            "Enforce-ACSB",
            "Audit-UnusedResources",
            "Deploy-AzActivity-Log",
            "Deploy-monitor-baselines"
            
        ],
        "policy_definitions": [
            "Audit-Subnet-Without-Nsg",
            "Deny_creation_publicIP",
            "Audit-PrivateLinkDnsZones",
            "Deny-MgmtPorts-From-Internet",
            "Deploy-ASC-SecurityContacts",
            "Deploy-Diagnostics-LogAnalytics",
            
            
            "Deploy-Diagnostics-AA",
            "Deploy-Diagnostics-ACI",
            "Deploy-Diagnostics-ACR",
            "Deploy-Diagnostics-AnalysisService",
            "Deploy-Diagnostics-ApiForFHIR",
            "Deploy-Diagnostics-APIMgmt",
            "Deploy-Diagnostics-ApplicationGateway",
            "Deploy-Diagnostics-AVDScalingPlans",
            "Deploy-Diagnostics-Bastion",
            "Deploy-Diagnostics-CDNEndpoints",
            "Deploy-Diagnostics-CognitiveServices",
            "Deploy-Diagnostics-CosmosDB",
            "Deploy-Diagnostics-Databricks",
            "Deploy-Diagnostics-DataExplorerCluster",
            "Deploy-Diagnostics-DataFactory",
            "Deploy-Diagnostics-DLAnalytics",
            "Deploy-Diagnostics-EventGridSub",
            "Deploy-Diagnostics-EventGridSystemTopic",
            "Deploy-Diagnostics-EventGridTopic",
            "Deploy-Diagnostics-ExpressRoute",
            "Deploy-Diagnostics-Firewall",
            "Deploy-Diagnostics-FrontDoor",
            "Deploy-Diagnostics-Function",
            "Deploy-Diagnostics-HDInsight",
            "Deploy-Diagnostics-iotHub",
            "Deploy-Diagnostics-LoadBalancer",
            "Deploy-Diagnostics-LogAnalytics",
            "Deploy-Diagnostics-LogicAppsISE",
            "Deploy-Diagnostics-MariaDB",
            "Deploy-Diagnostics-MediaService",
            "Deploy-Diagnostics-MlWorkspace",
            "Deploy-Diagnostics-MySQL",
            "Deploy-Diagnostics-NetworkSecurityGroups",
            "Deploy-Diagnostics-NIC",
            "Deploy-Diagnostics-PostgreSQL",
            "Deploy-Diagnostics-PowerBIEmbedded",
            "Deploy-Diagnostics-RedisCache",
            "Deploy-Diagnostics-Relay",
            "Deploy-Diagnostics-SignalR",
            "Deploy-Diagnostics-SQLElasticPools",
            "Deploy-Diagnostics-SQLMI",
            "Deploy-Diagnostics-TimeSeriesInsights",
            "Deploy-Diagnostics-TrafficManager",
            "Deploy-Diagnostics-VirtualNetwork",
            "Deploy-Diagnostics-VM",
            "Deploy-Diagnostics-VMSS",
            "Deploy-Diagnostics-VNetGW",
            "Deploy-Diagnostics-VWanS2SVPNGW",
            "Deploy-Diagnostics-WebServerFarm",
            "Deploy-Diagnostics-Website",
            "Deploy-Diagnostics-WVDAppGroup",
            "Deploy-Diagnostics-WVDHostPools",
            "Deploy-Diagnostics-WVDWorkspace",

            "Audit-AzureHybridBenefit",
            "Audit-Disks-UnusedResourcesCostOptimization",
            "Audit-PublicIpAddresses-UnusedResourcesCostOptimization",
            "Audit-ServerFarms-UnusedResourcesCostOptimization",

            "Append-AppService-httpsonly",
            "Append-AppService-latestTLS",
            "Append-Redis-sslEnforcement",
            "Append-Redis-disableNonSslPort",
            "Deny-PostgreSql-http",
            "Deny-AppServiceApiApp-http",
            "Deploy-PostgreSQL-sslEnforcement",
            "Deploy-SqlMi-minTLS",
            "Deploy-MySQL-sslEnforcement",
            "Deny-AppServiceFunctionApp-http",
            "Deny-Sql-minTLS",
            "Deploy-SQL-minTLS",
            "Deny-AppServiceWebApp-http",
            "Deny-MySql-http",
            "Deny-Redis-http",
            "Deny-SqlMi-minTLS",
            "Deny-Storage-minTLS",
            "Deploy-Storage-sslEnforcement",
            "Deny-VNET-Peer-Cross-Sub",
            "Deploy-Vm-autoShutdown",
            
            "Deploy_ServiceHealth_AG",
            "Deploy_SH_Advisory_Alert",
            "Deploy_SH_Incident",
            "Deploy_SH_Maintenance",
            "Deploy_SH_SecurityAdvisory",
            "Deploy_RH_Unhealthy_Alert"
       

            
            
        ],
        "policy_set_definitions": [
            "Deploy-MDFC-Config",
            "Deploy-Diagnostics-LogAnalytics",
            "Enforce-ACSB",
            "Audit-UnusedResourcesCostOptimization",
            "Enforce-EncryptTransit",
            "Deny-PublicPaaSEndpoints",
            "Deploy-Private-DNS-Zones",
            "Enforce-ALZ-Decomm",
            "Enforce-ALZ-Sandbox",
            "Enforce-Guardrails-KeyVault",
            "Alerting-ServiceHealth"


            

                ],
        "role_definitions": [],
        "archetype_config": {
            "parameters": {},
            "access_control": {}
        }
    }
}