{
   "name": "Deploy_AG_CapaUnit_Alert",
   "type": "Microsoft.Authorization/policyDefinitions",
   "properties":{
      "policyType":"Custom",
      "mode":"All",
      "displayName":"Deploy AGW Capacity Units Alert",
      "description":"Policy to audit/deploy Azure Application Gateway CapacityUnits Alert",
      "metadata":{
         "version":"1.1.0",
         "Category":"Networking",
         "source":"https://github.com/Azure/azure-monitor-baseline-alerts/",
         "_deployed_by_amba":"True"
      },
      "parameters":{
         "severity":{
            "type":"String",
            "metadata":{
               "displayName":"Severity",
               "description":"Severity of the Alert"
            },
            "allowedValues":[
               "0",
               "1",
               "2",
               "3",
               "4"
            ],
            "defaultValue":"2"
         },
         "windowSize":{
            "type":"String",
            "metadata":{
               "displayName":"Window Size",
               "description":"Window size for the alert"
            },
            "allowedValues":[
               "PT1M",
               "PT5M",
               "PT15M",
               "PT30M",
               "PT1H",
               "PT6H",
               "PT12H",
               "P1D"
            ],
            "defaultValue":"PT5M"
         },
         "evaluationFrequency":{
            "type":"String",
            "metadata":{
               "displayName":"Evaluation Frequency",
               "description":"Evaluation frequency for the alert"
            },
            "allowedValues":[
               "PT1M",
               "PT5M",
               "PT15M",
               "PT30M",
               "PT1H"
            ],
            "defaultValue":"PT1M"
         },
         "autoMitigate":{
            "type":"String",
            "metadata":{
               "displayName":"Auto Mitigate",
               "description":"Auto Mitigate for the alert"
            },
            "allowedValues":[
               "true",
               "false"
            ],
            "defaultValue":"true"
         },
         "enabled":{
            "type":"String",
            "metadata":{
               "displayName":"Alert State",
               "description":"Alert state for the alert"
            },
            "allowedValues":[
               "true",
               "false"
            ],
            "defaultValue":"true"
         },
         "threshold":{
            "type":"String",
            "metadata":{
               "displayName":"Threshold",
               "description":"Threshold for the alert"
            },
            "defaultValue":"75"
         },
         "effect":{
            "type":"String",
            "metadata":{
               "displayName":"Effect",
               "description":"Effect of the policy"
            },
            "allowedValues":[
               "deployIfNotExists",
               "disabled"
            ],
            "defaultValue":"deployIfNotExists"
         },
         "MonitorDisable":{
            "type":"String",
            "metadata":{
               "displayName":"Effect",
               "description":"Tag name to disable monitoring resource. Set to true if monitoring should be disabled"
            },
            "defaultValue":"MonitorDisable"
         }
      },
      "policyRule":{
         "if":{
            "allOf":[
               {
                  "field":"type",
                  "equals":"Microsoft.Network/applicationgateways"
               },
               {
                  "field":"Microsoft.Network/applicationgateways/sku.name",
                  "In":[
                     "Standard_v2",
                     "WAF_v2"
                  ]
               },
               {
                  "field":"[concat('tags[', parameters('MonitorDisable'), ']')]",
                  "notEquals":"true"
               }
            ]
         },
         "then":{
            "effect":"[parameters('effect')]",
            "details":{
               "roleDefinitionIds":[
                  "/providers/Microsoft.Authorization/roleDefinitions/b24988ac-6180-42a0-ab88-20f7382dd24c"
               ],
               "type":"Microsoft.Insights/metricAlerts",
               "existenceCondition":{
                  "allOf":[
                     {
                        "field":"Microsoft.Insights/metricAlerts/criteria.Microsoft.Azure.Monitor.MultipleResourceMultipleMetricCriteria.allOf[*].metricNamespace",
                        "equals":"Microsoft.Network/applicationgateways"
                     },
                     {
                        "field":"Microsoft.Insights/metricAlerts/criteria.Microsoft.Azure.Monitor.MultipleResourceMultipleMetricCriteria.allOf[*].metricName",
                        "equals":"CapacityUnits"
                     },
                     {
                        "field":"Microsoft.Insights/metricalerts/scopes[*]",
                        "equals":"[concat(subscription().id, '/resourceGroups/', resourceGroup().name, '/providers/Microsoft.Network/applicationgateways/', field('fullName'))]"
                     },
                     {
                        "field":"Microsoft.Insights/metricAlerts/enabled",
                        "equals":"[parameters('enabled')]"
                     },
                     {
                        "field":"Microsoft.Insights/metricAlerts/evaluationFrequency",
                        "equals":"[parameters('evaluationFrequency')]"
                     },
                     {
                        "field":"Microsoft.Insights/metricAlerts/windowSize",
                        "equals":"[parameters('windowSize')]"
                     },
                     {
                        "field":"Microsoft.Insights/metricalerts/severity",
                        "equals":"[parameters('severity')]"
                     },
                     {
                        "field":"Microsoft.Insights/metricAlerts/autoMitigate",
                        "equals":"[parameters('autoMitigate')]"
                     },
                     {
                        "field":"Microsoft.Insights/metricAlerts/criteria.Microsoft-Azure-Monitor-SingleResourceMultipleMetricCriteria.allOf[*].timeAggregation",
                        "equals":"Average"
                     },
                     {
                        "field":"Microsoft.Insights/metricAlerts/criteria.Microsoft.Azure.Monitor.MultipleResourceMultipleMetricCriteria.allOf[*].StaticThresholdCriterion.operator",
                        "equals":"GreaterThan"
                     },
                     {
                        "field":"Microsoft.Insights/metricAlerts/criteria.Microsoft.Azure.Monitor.MultipleResourceMultipleMetricCriteria.allOf[*].StaticThresholdCriterion.threshold",
                        "equals":"[parameters('threshold')]"
                     }
                  ]
               },
               "deployment":{
                  "properties":{
                     "mode":"incremental",
                     "template":{
                        "$schema":"https://schema.management.azure.com/schemas/2015-01-01/deploymentTemplate.json#",
                        "contentVersion":"1.0.0.0",
                        "parameters":{
                           "resourceName":{
                              "type":"String",
                              "metadata":{
                                 "displayName":"resourceName",
                                 "description":"Name of the resource"
                              }
                           },
                           "resourceId":{
                              "type":"String",
                              "metadata":{
                                 "displayName":"resourceId",
                                 "description":"Resource ID of the resource emitting the metric that will be used for the comparison"
                              }
                           },
                           "severity":{
                              "type":"String"
                           },
                           "windowSize":{
                              "type":"String"
                           },
                           "evaluationFrequency":{
                              "type":"String"
                           },
                           "autoMitigate":{
                              "type":"String"
                           },
                           "enabled":{
                              "type":"String"
                           },
                           "threshold":{
                              "type":"String"
                           }
                        },
                        "variables":{
                           
                        },
                        "resources":[
                           {
                              "type":"Microsoft.Insights/metricAlerts",
                              "apiVersion":"2018-03-01",
                              "name":"[concat(parameters('resourceName'), '-agCapacityUnits')]",
                              "location":"global",
                              "tags":{
                                 "_deployed_by_amba":true
                              },
                              "properties":{
                                 "description":"Metric Alert for App Gateway Capacity Units",
                                 "severity":"[parameters('severity')]",
                                 "enabled":"[parameters('enabled')]",
                                 "scopes":[
                                    "[parameters('resourceId')]"
                                 ],
                                 "evaluationFrequency":"[parameters('evaluationFrequency')]",
                                 "windowSize":"[parameters('windowSize')]",
                                 "criteria":{
                                    "allOf":[
                                       {
                                          "name":"CapacityUnits",
                                          "metricNamespace":"Microsoft.Network/applicationgateways",
                                          "metricName":"CapacityUnits",
                                          "operator":"GreaterThan",
                                          "threshold":"[parameters('threshold')]",
                                          "timeAggregation":"Average",
                                          "criterionType":"StaticThresholdCriterion"
                                       }
                                    ],
                                    "odata.type":"Microsoft.Azure.Monitor.SingleResourceMultipleMetricCriteria"
                                 },
                                 "autoMitigate":"[parameters('autoMitigate')]",
                                 "parameters":{
                                    "severity":{
                                       "value":"[parameters('severity')]"
                                    },
                                    "windowSize":{
                                       "value":"[parameters('windowSize')]"
                                    },
                                    "evaluationFrequency":{
                                       "value":"[parameters('evaluationFrequency')]"
                                    },
                                    "autoMitigate":{
                                       "value":"[parameters('autoMitigate')]"
                                    },
                                    "enabled":{
                                       "value":"[parameters('enabled')]"
                                    },
                                    "threshold":{
                                       "value":"[parameters('threshold')]"
                                    }
                                 }
                              }
                           }
                        ]
                     },
                     "parameters":{
                        "resourceName":{
                           "value":"[field('name')]"
                        },
                        "resourceId":{
                           "value":"[field('id')]"
                        },
                        "severity":{
                           "value":"[parameters('severity')]"
                        },
                        "windowSize":{
                           "value":"[parameters('windowSize')]"
                        },
                        "evaluationFrequency":{
                           "value":"[parameters('evaluationFrequency')]"
                        },
                        "autoMitigate":{
                           "value":"[parameters('autoMitigate')]"
                        },
                        "enabled":{
                           "value":"[parameters('enabled')]"
                        },
                        "threshold":{
                           "value":"[parameters('threshold')]"
                        }
                     }
                  }
               }
            }
         }
      }
   }
}