{
   "name": "Deploy_VM_dDskSpac_Alert",
   "type": "Microsoft.Authorization/policyDefinitions",
   "properties":{
      "policyType":"Custom",
      "mode":"All",
      "displayName":"Deploy VM Data Disk Space Alert",
      "description":"Policy to audit/deploy VM data Disk Space Alert",
      "metadata":{
         "version":"1.1.0",
         "category":"Compute",
         "source":"https://github.com/Azure/azure-monitor-baseline-alerts/",
         "alzCloudEnvironments":[
            "AzureCloud"
         ],
         "_deployed_by_amba":"True"
      },
      "parameters":{
         "alertResourceGroupName":{
            "type":"String",
            "metadata":{
               "displayName":"Resource Group Name",
               "description":"Resource group the alert is placed in"
            },
            "defaultValue":"AlzMonitoring-rg"
         },
         "alertResourceGroupTags":{
            "type":"Object",
            "metadata":{
               "displayName":"Resource Group Tags",
               "description":"Tags on the Resource group the alert is placed in"
            },
            "defaultValue":{
               "environment":"test"
            }
         },
         "alertResourceGroupLocation":{
            "type":"String",
            "metadata":{
               "displayName":"Resource Group Location",
               "description":"Location of the Resource group the alert is placed in"
            },
            "defaultValue":"centralus"
         },
         "severity":{
            "type":"String",
            "metadata":{
               "displayName":"Severity",
               "description":"Severity of the Alert"
            },
            "allowedValues":[
               "0",
               "1",
               "2",
               "3",
               "4"
            ],
            "defaultValue":"2"
         },
         "operator":{
            "type":"String",
            "metadata":{
               "displayName":"Operator"
            },
            "allowedvalues":[
               "Equals",
               "GreaterThan",
               "GreaterThanOrEqual",
               "LessThan",
               "LessThanOrEqual"
            ],
            "defaultvalue":"LessThan"
         },
         "timeAggregation":{
            "type":"String",
            "metadata":{
               "displayName":"TimeAggregation"
            },
            "allowedValues":[
               "Average",
               "Count",
               "Maximum",
               "Minimum",
               "Total"
            ],
            "defaultvalue":"Average"
         },
         "windowSize":{
            "type":"String",
            "metadata":{
               "displayName":"Window Size",
               "description":"Window size for the alert"
            },
            "allowedValues":[
               "PT5M",
               "PT15M",
               "PT30M",
               "PT1H",
               "PT6H",
               "PT12H",
               "PT24H"
            ],
            "defaultValue":"PT15M"
         },
         "evaluationFrequency":{
            "type":"String",
            "metadata":{
               "displayName":"Evaluation Frequency",
               "description":"Evaluation frequency for the alert"
            },
            "allowedValues":[
               "PT5M",
               "PT15M",
               "PT30M",
               "PT1H"
            ],
            "defaultValue":"PT5M"
         },
         "autoMitigate":{
            "type":"String",
            "metadata":{
               "displayName":"Auto Mitigate",
               "description":"Auto Mitigate for the alert"
            },
            "allowedValues":[
               "true",
               "false"
            ],
            "defaultValue":"true"
         },
         "autoResolve":{
            "type":"String",
            "metadata":{
               "displayName":"Auto Resolve",
               "description":"Auto Resolve for the alert"
            },
            "allowedValues":[
               "true",
               "false"
            ],
            "defaultValue":"true"
         },
         "autoResolveTime":{
            "type":"String",
            "metadata":{
               "displayName":"Auto Resolve",
               "description":"Auto Resolve time for the alert in ISO 8601 format"
            },
            "defaultValue":"true"
         },
         "enabled":{
            "type":"String",
            "metadata":{
               "displayName":"Alert State",
               "description":"Alert state for the alert"
            },
            "allowedValues":[
               "true",
               "false"
            ],
            "defaultValue":"true"
         },
         "threshold":{
            "type":"String",
            "metadata":{
               "displayName":"Threshold",
               "description":"Threshold for the alert"
            },
            "defaultValue":"10"
         },
         "failingPeriods":{
            "type":"String",
            "metadata":{
               "displayName":"Failing Periods",
               "description":"Number of failing periods before alert is fired"
            },
            "defaultValue":"1"
         },
         "evaluationPeriods":{
            "type":"String",
            "metadata":{
               "displayName":"Evaluation Periods",
               "description":"The number of aggregated lookback points."
            },
            "defaultValue":"1"
         },
         "effect":{
            "type":"String",
            "metadata":{
               "displayName":"Effect",
               "description":"Effect of the policy"
            },
            "allowedValues":[
               "deployIfNotExists",
               "disabled"
            ],
            "defaultValue":"deployIfNotExists"
         },
         "disksToInclude":{
            "type":"array",
            "metadata":{
               "displayName":"Disks to be included to be monitored",
               "description":"Array of disk to be monitored for disk both Windows and Linux"
            },
            "defaultValue":[
               "*"
            ]
         }
      },
      "policyRule":{
         "if":{
            "allOf":[
               {
                  "field":"type",
                  "equals":"Microsoft.Compute/virtualMachines"
               }
            ]
         },
         "then":{
            "effect":"[parameters('effect')]",
            "details":{
               "roleDefinitionIds":[
                  "/providers/Microsoft.Authorization/roleDefinitions/b24988ac-6180-42a0-ab88-20f7382dd24c"
               ],
               "type":"Microsoft.Insights/scheduledQueryRules",
               "existenceScope":"resourcegroup",
               "resourceGroupName":"[parameters('alertResourceGroupName')]",
               "deploymentScope":"subscription",
               "existenceCondition":{
                  "allOf":[
                     {
                        "field":"Microsoft.Insights/scheduledQueryRules/displayName",
                        "equals":"[concat(subscription().displayName, '-VMLowdataDiskSpaceAlert')]"
                     },
                     {
                        "field":"Microsoft.Insights/scheduledqueryrules/scopes[*]",
                        "equals":"[subscription().id]"
                     },
                     {
                        "field":"Microsoft.Insights/scheduledqueryrules/enabled",
                        "equals":"[parameters('enabled')]"
                     },
                     {
                        "field":"Microsoft.Insights/scheduledqueryrules/evaluationFrequency",
                        "equals":"[parameters('evaluationFrequency')]"
                     },
                     {
                        "field":"Microsoft.Insights/scheduledqueryrules/windowSize",
                        "equals":"[parameters('windowSize')]"
                     },
                     {
                        "field":"Microsoft.Insights/scheduledqueryrules/severity",
                        "equals":"[parameters('severity')]"
                     },
                     {
                        "field":"Microsoft.Insights/scheduledqueryrules/autoMitigate",
                        "equals":"[parameters('autoMitigate')]"
                     },
                     {
                        "field":"Microsoft.Insights/scheduledQueryRules/criteria.allOf[*].threshold",
                        "equals":"[parameters('threshold')]"
                     },
                     {
                        "field":"Microsoft.Insights/scheduledQueryRules/criteria.allOf[*].operator",
                        "equals":"[parameters('operator')]"
                     },
                     {
                        "field":"Microsoft.Insights/scheduledQueryRules/criteria.allOf[*].timeAggregation",
                        "equals":"[parameters('timeAggregation')]"
                     },
                     {
                        "field":"Microsoft.Insights/scheduledQueryRules/criteria.allOf[*].failingPeriods.numberOfEvaluationPeriods",
                        "equals":"[parameters('evaluationPeriods')]"
                     },
                     {
                        "field":"Microsoft.Insights/scheduledQueryRules/criteria.allOf[*].failingPeriods.minFailingPeriodsToAlert",
                        "equals":"[parameters('failingPeriods')]"
                     },
                     {
                        "field":"Microsoft.Insights/scheduledQueryRules/criteria.allOf[*].query",
                        "equals":"InsightsMetrics| where Origin == \"vm.azm.ms\"| where Namespace == \"LogicalDisk\" and Name == \"FreeSpacePercentage\"| extend Disk=tostring(todynamic(Tags)[\"vm.azm.ms/mountId\"])|where Disk !in ('C:','/')| summarize AggregatedValue = avg(Val) by bin(TimeGenerated, 15m), Computer, _ResourceId, Disk"
                     }
                  ]
               },
               "deployment":{
                  "location":"northeurope",
                  "properties":{
                     "mode":"incremental",
                     "template":{
                        "$schema":"https://schema.management.azure.com/schemas/2015-01-01/deploymentTemplate.json#",
                        "contentVersion":"1.0.0.0",
                        "parameters":{
                           "alertResourceGroupName":{
                              "type":"string"
                           },
                           "alertResourceGroupTags":{
                              "type":"object"
                           },
                           "alertResourceGroupLocation":{
                              "type":"string"
                           },
                           "severity":{
                              "type":"String"
                           },
                           "windowSize":{
                              "type":"String"
                           },
                           "evaluationFrequency":{
                              "type":"String"
                           },
                           "autoMitigate":{
                              "type":"String"
                           },
                           "autoResolve":{
                              "type":"String"
                           },
                           "autoResolveTime":{
                              "type":"String"
                           },
                           "enabled":{
                              "type":"String"
                           },
                           "threshold":{
                              "type":"String"
                           },
                           "operator":{
                              "type":"String"
                           },
                           "timeAggregation":{
                              "type":"String"
                           },
                           "failingPeriods":{
                              "type":"String"
                           },
                           "evaluationPeriods":{
                              "type":"String"
                           },
                           "disksToInclude":{
                              "type":"array"
                           }
                        },
                        "variables":{
                           
                        },
                        "resources":[
                           {
                              "type":"Microsoft.Resources/resourceGroups",
                              "apiVersion":"2021-04-01",
                              "name":"[parameters('alertResourceGroupName')]",
                              "location":"[parameters('alertResourceGroupLocation')]",
                              "tags":"[parameters('alertResourceGroupTags')]"
                           },
                           {
                              "type":"Microsoft.Resources/deployments",
                              "apiVersion":"2019-10-01",
                              "name":"VMdataDiskSpaceAlert",
                              "resourceGroup":"[parameters('alertResourceGroupName')]",
                              "dependsOn":[
                                 "[concat('Microsoft.Resources/resourceGroups/', parameters('alertResourceGroupName'))]"
                              ],
                              "properties":{
                                 "mode":"Incremental",
                                 "template":{
                                    "$schema":"https://schema.management.azure.com/schemas/2015-01-01/deploymentTemplate.json#",
                                    "contentVersion":"1.0.0.0",
                                    "parameters":{
                                       "enabled":{
                                          "type":"string"
                                       },
                                       "alertResourceGroupName":{
                                          "type":"string"
                                       },
                                       "alertResourceGroupLocation":{
                                          "type":"string"
                                       }
                                    },
                                    "variables":{
                                       
                                    },
                                    "resources":[
                                       {
                                          "type":"Microsoft.Insights/scheduledQueryRules",
                                          "apiVersion":"2022-08-01-preview",
                                          "name":"[concat(subscription().displayName, '-VMLowdataDiskSpaceAlert')]",
                                          "location":"[parameters('alertResourceGroupLocation')]",
                                          "tags":{
                                             "_deployed_by_amba":true
                                          },
                                          "properties":{
                                             "displayName":"[concat(subscription().displayName, '-VMLowdataDiskSpaceAlert')]",
                                             "description":"Log Alert for Virtual Machine dataDiskSpace",
                                             "severity":"[parameters('severity')]",
                                             "enabled":"[parameters('enabled')]",
                                             "scopes":[
                                                "[subscription().Id]"
                                             ],
                                             "targetResourceTypes":[
                                                "Microsoft.Compute/virtualMachines"
                                             ],
                                             "evaluationFrequency":"[parameters('evaluationFrequency')]",
                                             "windowSize":"[parameters('windowSize')]",
                                             "criteria":{
                                                "allOf":[
                                                   {
                                                      "query":"InsightsMetrics| where Origin == \"vm.azm.ms\"| where Namespace == \"LogicalDisk\" and Name == \"FreeSpacePercentage\"| extend Disk=tostring(todynamic(Tags)[\"vm.azm.ms/mountId\"])|where Disk !in ('C:','/')| summarize AggregatedValue = avg(Val) by bin(TimeGenerated, 15m), Computer, _ResourceId, Disk",
                                                      "metricMeasureColumn":"AggregatedValue",
                                                      "threshold":"[parameters('threshold')]",
                                                      "operator":"[parameters('operator')]",
                                                      "resourceIdColumn":"_ResourceId",
                                                      "timeAggregation":"[parameters('timeAggregation')]",
                                                      "dimensions":[
                                                         {
                                                            "name":"Computer",
                                                            "operator":"Include",
                                                            "values":[
                                                               "*"
                                                            ]
                                                         },
                                                         {
                                                            "name":"Disk",
                                                            "operator":"Include",
                                                            "values":"[parameters('disksToInclude')]"
                                                         }
                                                      ],
                                                      "failingPeriods":{
                                                         "numberOfEvaluationPeriods":"[parameters('evaluationPeriods')]",
                                                         "minFailingPeriodsToAlert":"[parameters('failingPeriods')]"
                                                      }
                                                   }
                                                ]
                                             },
                                             "autoMitigate":"[parameters('autoMitigate')]",
                                             "ruleResolveConfiguration":{
                                                "autoResolved":"[parameters('autoResolve')]",
                                                "timeToResolve":"[parameters('autoResolveTime')]"
                                             },
                                             "parameters":{
                                                "alertResourceGroupName":{
                                                   "value":"[parameters('alertResourceGroupName')]"
                                                },
                                                "alertResourceGroupLocation":{
                                                   "value":"[parameters('alertResourceGroupName')]"
                                                },
                                                "severity":{
                                                   "value":"[parameters('severity')]"
                                                },
                                                "windowSize":{
                                                   "value":"[parameters('windowSize')]"
                                                },
                                                "evaluationFrequency":{
                                                   "value":"[parameters('evaluationFrequency')]"
                                                },
                                                "autoMitigate":{
                                                   "value":"[parameters('autoMitigate')]"
                                                },
                                                "autoResolve":{
                                                   "value":"[parameters('autoResolve')]"
                                                },
                                                "autoResolveTime":{
                                                   "value":"[parameters('autoResolveTime')]"
                                                },
                                                "enabled":{
                                                   "value":"[parameters('enabled')]"
                                                },
                                                "threshold":{
                                                   "value":"[parameters('threshold')]"
                                                },
                                                "failingPeriods":{
                                                   "value":"[parameters('failingPeriods')]"
                                                },
                                                "evaluationPeriods":{
                                                   "value":"[parameters('evaluationPeriods')]"
                                                },
                                                "disksToInclude":{
                                                   "value":"[parameters('disksToInclude')]"
                                                }
                                             }
                                          }
                                       }
                                    ]
                                 },
                                 "parameters":{
                                    "enabled":{
                                       "value":"[parameters('enabled')]"
                                    },
                                    "alertResourceGroupName":{
                                       "value":"[parameters('alertResourceGroupName')]"
                                    },
                                    "alertResourceGroupLocation":{
                                       "value":"[parameters('alertResourceGroupLocation')]"
                                    }
                                 }
                              }
                           }
                        ]
                     },
                     "parameters":{
                        "alertResourceGroupName":{
                           "value":"[parameters('alertResourceGroupName')]"
                        },
                        "alertResourceGroupTags":{
                           "value":"[parameters('alertResourceGroupTags')]"
                        },
                        "alertResourceGroupLocation":{
                           "value":"[parameters('alertResourceGroupLocation')]"
                        },
                        "severity":{
                           "value":"[parameters('severity')]"
                        },
                        "windowSize":{
                           "value":"[parameters('windowSize')]"
                        },
                        "evaluationFrequency":{
                           "value":"[parameters('evaluationFrequency')]"
                        },
                        "autoMitigate":{
                           "value":"[parameters('autoMitigate')]"
                        },
                        "autoResolve":{
                           "value":"[parameters('autoResolve')]"
                        },
                        "autoResolveTime":{
                           "value":"[parameters('autoResolveTime')]"
                        },
                        "enabled":{
                           "value":"[parameters('enabled')]"
                        },
                        "threshold":{
                           "value":"[parameters('threshold')]"
                        },
                        "operator":{
                           "value":"[parameters('operator')]"
                        },
                        "timeAggregation":{
                           "value":"[parameters('timeAggregation')]"
                        },
                        "failingPeriods":{
                           "value":"[parameters('failingPeriods')]"
                        },
                        "evaluationPeriods":{
                           "value":"[parameters('evaluationPeriods')]"
                        },
                        "disksToInclude":{
                           "value":"[parameters('disksToInclude')]"
                        }
                     }
                  }
               }
            }
         }
      }
   }
}