{
   "name": "Alerting-Identity",
   "type": "Microsoft.Authorization/policySetDefinitions",
   "properties":{
      "displayName":"Deploy Azure Monitor Baseline Alerts for Identity",
      "description":"Initiative to deploy AMBA alerts relevant to the ALZ Identity management group",
      "metadata":{
         "version":"1.0.3",
         "category":"Monitoring",
         "source":"https://github.com/Azure/azure-monitor-baseline-alerts/",
         "alzCloudEnvironments":[
            "AzureCloud"
         ],
         "_deployed_by_amba":true
      },
      "parameters":{
         "ALZMonitorResourceGroupName":{
            "type":"String",
            "defaultValue":"rg-uks-tf-level1",
            "metadata":{
               "displayName":"ALZ Monitor Resource Group Name",
               "description":"Name of the resource group where the alerting resources will be deployed"
            }
         },
         "ALZMonitorResourceGroupTags":{
            "type":"Object",
            "defaultValue":{
               "_deployed_by_alz_monitor":true
            },
            "metadata":{
               "displayName":"ALZ Monitor Resource Group Tags",
               "description":"Tags for the resource group where the alerting resources will be deployed"
            }
         },
         "ALZMonitorResourceGroupLocation":{
            "type":"String",
            "defaultValue":"uksouth",
            "metadata":{
               "displayName":"ALZ Monitor Resource Group Location",
               "description":"Location of the resource group where the alerting resources will be deployed"
            }
         },
         "KVRequestAlertSeverity":{
            "type":"String",
            "defaultValue":"2",
            "allowedValues":[
               "0",
               "1",
               "2",
               "3",
               "4"
            ],
            "metadata":{
               "displayName":"KeyVault Request Alert Severity",
               "description":"Severity of the alert"
            }
         },
         "KVRequestWindowSize":{
            "type":"string",
            "defaultValue":"PT5M",
            "allowedValues":[
               "PT1M",
               "PT5M",
               "PT15M",
               "PT30M",
               "PT1H",
               "PT6H",
               "PT12H",
               "P1D"
            ],
            "metadata":{
               "displayName":"KeyVault Request Alert Window Size",
               "description":"Window size for the alert"
            }
         },
         "KVRequestEvaluationFrequency":{
            "type":"string",
            "defaultValue":"PT5M",
            "allowedValues":[
               "PT1M",
               "PT5M",
               "PT15M",
               "PT30M",
               "PT1H"
            ],
            "metadata":{
               "displayName":"KeyVault Request Alert Evaluation Frequency",
               "description":"Evaluation frequency for the alert"
            }
         },
         "KVRequestPolicyEffect":{
            "type":"string",
            "defaultValue":"disabled",
            "allowedValues":[
               "deployIfNotExists",
               "disabled"
            ],
            "metadata":{
               "displayName":"KeyVault Request Alert Policy Effect",
               "description":"Policy effect for the alert, deployIfNotExists will deploy the alert if it does not exist, disabled will not deploy the alert"
            }
         },
         "KVRequestAlertState":{
            "type":"string",
            "defaultValue":"true",
            "metadata":{
               "displayName":"KeyVault Request Alert State",
               "description":"State of the alert, true will enable the alert, false will disable the alert"
            }
         },
         "KvAvailabilityAlertSeverity":{
            "type":"String",
            "defaultValue":"1",
            "allowedValues":[
               "0",
               "1",
               "2",
               "3",
               "4"
            ],
            "metadata":{
               "displayName":"KeyVault Availability Alert Severity",
               "description":"Severity of the alert"
            }
         },
         "KvAvailabilityWindowSize":{
            "type":"string",
            "defaultValue":"PT1M",
            "allowedValues":[
               "PT1M",
               "PT5M",
               "PT15M",
               "PT30M",
               "PT1H",
               "PT6H",
               "PT12H",
               "P1D"
            ],
            "metadata":{
               "displayName":"KeyVault Availability Alert Window Size",
               "description":"Window size for the alert"
            }
         },
         "KvAvailabilityEvaluationFrequency":{
            "type":"string",
            "defaultValue":"PT1M",
            "allowedValues":[
               "PT1M",
               "PT5M",
               "PT15M",
               "PT30M",
               "PT1H"
            ],
            "metadata":{
               "displayName":"KeyVault Availability Alert Evaluation Frequency",
               "description":"Evaluation frequency for the alert"
            }
         },
         "KvAvailabilityPolicyEffect":{
            "type":"string",
            "defaultValue":"disabled",
            "allowedValues":[
               "deployIfNotExists",
               "disabled"
            ],
            "metadata":{
               "displayName":"KeyVault Availability Alert Policy Effect",
               "description":"Policy effect for the alert, deployIfNotExists will deploy the alert if it does not exist, disabled will not deploy the alert"
            }
         },
         "KvAvailabilityAlertState":{
            "type":"string",
            "defaultValue":"true",
            "metadata":{
               "displayName":"KeyVault Availability Alert State",
               "description":"State of the alert, true will enable the alert, false will disable the alert"
            }
         },
         "KVAvailabilityThreshold":{
            "type":"string",
            "defaultValue":"20",
            "metadata":{
               "displayName":"KeyVault Availability Alert Threshold",
               "description":"Threshold for the alert"
            }
         },
         "KvLatencyAvailabilityAlertSeverity":{
            "type":"String",
            "defaultValue":"3",
            "allowedValues":[
               "0",
               "1",
               "2",
               "3",
               "4"
            ],
            "metadata":{
               "displayName":"KeyVault Latency Alert Severity",
               "description":"Severity of the alert"
            }
         },
         "KvLatencyAvailabilityWindowSize":{
            "type":"string",
            "defaultValue":"PT5M",
            "allowedValues":[
               "PT1M",
               "PT5M",
               "PT15M",
               "PT30M",
               "PT1H",
               "PT6H",
               "PT12H",
               "P1D"
            ],
            "metadata":{
               "displayName":"KeyVault Latency Alert Window Size",
               "description":"Window size for the alert"
            }
         },
         "KvLatencyAvailabilityEvaluationFrequency":{
            "type":"string",
            "defaultValue":"PT5M",
            "allowedValues":[
               "PT1M",
               "PT5M",
               "PT15M",
               "PT30M",
               "PT1H"
            ],
            "metadata":{
               "displayName":"KeyVault Latency Alert Evaluation Frequency",
               "description":"Evaluation frequency for the alert"
            }
         },
         "KvLatencyAvailabilityPolicyEffect":{
            "type":"string",
            "defaultValue":"disabled",
            "allowedValues":[
               "deployIfNotExists",
               "disabled"
            ],
            "metadata":{
               "displayName":"KeyVault Latency Alert Policy Effect",
               "description":"Policy effect for the alert, deployIfNotExists will deploy the alert if it does not exist, disabled will not deploy the alert"
            }
         },
         "KvLatencyAvailabilityAlertState":{
            "type":"string",
            "defaultValue":"true",
            "metadata":{
               "displayName":"KeyVault Latency Alert State",
               "description":"State of the alert, true will enable the alert, false will disable the alert"
            }
         },
         "KvLatencyAvailabilityThreshold":{
            "type":"string",
            "defaultValue":"1000",
            "metadata":{
               "displayName":"KeyVault Latency Alert Threshold",
               "description":"Threshold for the alert"
            }
         },
         "KVCapacityAlertSeverity":{
            "type":"String",
            "defaultValue":"1",
            "allowedValues":[
               "0",
               "1",
               "2",
               "3",
               "4"
            ],
            "metadata":{
               "displayName":"KeyVault Capacity Alert Severity",
               "description":"Severity of the alert"
            }
         },
         "KVCapacityWindowSize":{
            "type":"string",
            "defaultValue":"PT5M",
            "allowedValues":[
               "PT1M",
               "PT5M",
               "PT15M",
               "PT30M",
               "PT1H",
               "PT6H",
               "PT12H",
               "P1D"
            ],
            "metadata":{
               "displayName":"KeyVault Capacity Alert Window Size",
               "description":"Window size for the alert"
            }
         },
         "KVCapacityEvaluationFrequency":{
            "type":"string",
            "defaultValue":"PT1M",
            "allowedValues":[
               "PT1M",
               "PT5M",
               "PT15M",
               "PT30M",
               "PT1H"
            ],
            "metadata":{
               "displayName":"KeyVault Capacity Alert Evaluation Frequency",
               "description":"Evaluation frequency for the alert"
            }
         },
         "KVCapacityPolicyEffect":{
            "type":"string",
            "defaultValue":"disabled",
            "allowedValues":[
               "deployIfNotExists",
               "disabled"
            ],
            "metadata":{
               "displayName":"KeyVault Capacity Alert Policy Effect",
               "description":"Policy effect for the alert, deployIfNotExists will deploy the alert if it does not exist, disabled will not deploy the alert"
            }
         },
         "KVCapacityAlertState":{
            "type":"string",
            "defaultValue":"true",
            "metadata":{
               "displayName":"KeyVault Capacity Alert State",
               "description":"State of the alert, true will enable the alert, false will disable the alert"
            }
         },
         "KVCapacityThreshold":{
            "type":"string",
            "defaultValue":"75",
            "metadata":{
               "displayName":"KeyVault Capacity Alert Threshold",
               "description":"Threshold for the alert"
            }
         },
         "activityKVDeleteAlertState":{
            "type":"string",
            "defaultValue":"true",
            "metadata":{
               "displayName":"Activity Log KeyVault Delete Alert State",
               "description":"State of the alert, true will enable the alert, false will disable the alert"
            }
         }
      },
      "policyDefinitions":[
         {
            "policyDefinitionReferenceId":"ALZ_KVRequest",
            "policyDefinitionId":"/providers/Microsoft.Management/managementGroups/alz/providers/Microsoft.Authorization/policyDefinitions/Deploy_KV_Requests_Alert",
            "parameters":{
               "severity":{
                  "value":"[parameters('KVRequestAlertSeverity')]"
               },
               "windowSize":{
                  "value":"[parameters('KVRequestWindowSize')]"
               },
               "evaluationFrequency":{
                  "value":"[parameters('KVRequestEvaluationFrequency')]"
               },
               "effect":{
                  "value":"[parameters('KVRequestPolicyEffect')]"
               },
               "enabled":{
                  "value":"[parameters('KVRequestAlertState')]"
               }
            }
         },
         {
            "policyDefinitionReferenceId":"ALZ_KvAvailability",
            "policyDefinitionId":"/providers/Microsoft.Management/managementGroups/alz/providers/Microsoft.Authorization/policyDefinitions/Deploy_KV_Available_Alert",
            "parameters":{
               "severity":{
                  "value":"[parameters('KvAvailabilityAlertSeverity')]"
               },
               "windowSize":{
                  "value":"[parameters('KvAvailabilityWindowSize')]"
               },
               "evaluationFrequency":{
                  "value":"[parameters('KvAvailabilityEvaluationFrequency')]"
               },
               "effect":{
                  "value":"[parameters('KvAvailabilityPolicyEffect')]"
               },
               "enabled":{
                  "value":"[parameters('KvAvailabilityAlertState')]"
               },
               "threshold":{
                  "value":"[parameters('KVAvailabilityThreshold')]"
               }
            }
         },
         {
            "policyDefinitionReferenceId":"ALZ_KvLatencyAvailability",
            "policyDefinitionId":"/providers/Microsoft.Management/managementGroups/alz/providers/Microsoft.Authorization/policyDefinitions/Deploy_KV_Latency_Alert",
            "parameters":{
               "severity":{
                  "value":"[parameters('KvLatencyAvailabilityAlertSeverity')]"
               },
               "windowSize":{
                  "value":"[parameters('KvLatencyAvailabilityWindowSize')]"
               },
               "evaluationFrequency":{
                  "value":"[parameters('KvLatencyAvailabilityEvaluationFrequency')]"
               },
               "effect":{
                  "value":"[parameters('KvLatencyAvailabilityPolicyEffect')]"
               },
               "enabled":{
                  "value":"[parameters('KvLatencyAvailabilityAlertState')]"
               },
               "threshold":{
                  "value":"[parameters('KvLatencyAvailabilityThreshold')]"
               }
            }
         },
         {
            "policyDefinitionReferenceId":"ALZ_KVCapacity",
            "policyDefinitionId":"/providers/Microsoft.Management/managementGroups/alz/providers/Microsoft.Authorization/policyDefinitions/Deploy_KV_Capacity_Alert",
            "parameters":{
               "severity":{
                  "value":"[parameters('KVCapacityAlertSeverity')]"
               },
               "windowSize":{
                  "value":"[parameters('KVCapacityWindowSize')]"
               },
               "evaluationFrequency":{
                  "value":"[parameters('KVCapacityEvaluationFrequency')]"
               },
               "effect":{
                  "value":"[parameters('KVCapacityPolicyEffect')]"
               },
               "enabled":{
                  "value":"[parameters('KVCapacityAlertState')]"
               },
               "threshold":{
                  "value":"[parameters('KVCapacityThreshold')]"
               }
            }
         },
         {
            "policyDefinitionReferenceId":"ALZ_activityKVDelete",
            "policyDefinitionId":"/providers/Microsoft.Management/managementGroups/alz/providers/Microsoft.Authorization/policyDefinitions/Deploy_KeyVault_Delete",
            "parameters":{
               "enabled":{
                  "value":"[parameters('activityKVDeleteAlertState')]"
               },
               "alertResourceGroupName":{
                  "value":"[parameters('ALZMonitorResourceGroupName')]"
               },
               "alertResourceGroupTags":{
                  "value":"[parameters('ALZMonitorResourceGroupTags')]"
               },
               "alertResourceGroupLocation":{
                  "value":"[parameters('ALZMonitorResourceGroupLocation')]"
               }
            }
         }
      ],
      "policyType":"Custom",
      "policyDefinitionGroups":null
   }
}