{
  "name": "Deny-PublicPaaSEndpoints",
  "type": "Microsoft.Authorization/policySetDefinitions",
  "apiVersion": "2021-06-01",
  "scope": null,
  "properties": {
    "policyType": "Custom",
    "displayName": "Public network access should be disabled for PaaS services",
    "description": "This policy initiative is a group of policies that prevents creation of Azure PaaS services with exposed public endpoints",
    "metadata": {
      "version": "3.1.0",
      "category": "Network",
      "source": "https://github.com/Azure/Enterprise-Scale/",
      "alzCloudEnvironments": [
        "AzureCloud"
      ]
    },
    "parameters": {
      "CosmosPublicIpDenyEffect": {
        "type": "String",
        "metadata": {
          "displayName": "Public network access should be disabled for CosmosDB",
          "description": "This policy denies that  Cosmos database accounts  are created with out public network access is disabled."
        },
        "allowedValues": [
          "Audit",
          "Deny",
          "Disabled"
        ],
        "defaultValue": "Deny"
      },
      "KeyVaultPublicIpDenyEffect": {
        "type": "String",
        "metadata": {
          "displayName": "Public network access should be disabled for KeyVault",
          "description": "This policy denies creation of Key Vaults with IP Firewall exposed to all public endpoints"
        },
        "allowedValues": [
          "Audit",
          "Deny",
          "Disabled"
        ],
        "defaultValue": "Deny"
      },
      "SqlServerPublicIpDenyEffect": {
        "type": "String",
        "metadata": {
          "displayName": "Public network access on Azure SQL Database should be disabled",
          "description": "This policy denies creation of Sql servers with exposed public endpoints"
        },
        "allowedValues": [
          "Audit",
          "Deny",
          "Disabled"
        ],
        "defaultValue": "Deny"
      },
      "StoragePublicIpDenyEffect": {
        "type": "String",
        "metadata": {
          "displayName": "Public network access onStorage accounts should be disabled",
          "description": "This policy denies creation of storage accounts with IP Firewall exposed to all public endpoints"
        },
        "allowedValues": [
          "Audit",
          "Deny",
          "Disabled"
        ],
        "defaultValue": "Deny"
      },
      "AKSPublicIpDenyEffect": {
        "type": "String",
        "metadata": {
          "displayName": "Public network access on AKS API should be disabled",
          "description": "This policy denies  the creation of  Azure Kubernetes Service non-private clusters"
        },
        "allowedValues": [
          "Audit",
          "Deny",
          "Disabled"
        ],
        "defaultValue": "Deny"
      },
      "ACRPublicIpDenyEffect": {
        "type": "String",
        "metadata": {
          "displayName": "Public network access on Azure Container Registry disabled",
          "description": "This policy denies the creation of Azure Container Registires with exposed public endpoints "
        },
        "allowedValues": [
          "Audit",
          "Deny",
          "Disabled"
        ],
        "defaultValue": "Deny"
      },
      "AFSPublicIpDenyEffect": {
        "type": "String",
        "metadata": {
          "displayName": "Public network access on Azure File Sync disabled",
          "description": "This policy denies the creation of Azure File Sync instances with exposed public endpoints "
        },
        "allowedValues": [
          "Audit",
          "Deny",
          "Disabled"
        ],
        "defaultValue": "Deny"
      },
      "PostgreSQLFlexPublicIpDenyEffect": {
        "type": "String",
        "metadata": {
          "displayName": "Public network access should be disabled for PostgreSql Flexible Server",
          "description": "This policy denies creation of Postgre SQL Flexible DB accounts with exposed public endpoints"
        },
        "allowedValues": [
          "Audit",
          "Deny",
          "Disabled"
        ],
        "defaultValue": "Deny"
      },
      "MySQLFlexPublicIpDenyEffect": {
        "type": "String",
        "metadata": {
          "displayName": "Public network access should be disabled for MySQL Flexible Server",
          "description": "This policy denies creation of MySql Flexible Server DB accounts with exposed public endpoints"
        },
        "allowedValues": [
          "Audit",
          "Deny",
          "Disabled"
        ],
        "defaultValue": "Deny"
      },
      "BatchPublicIpDenyEffect": {
        "type": "String",
        "metadata": {
          "displayName": "Public network access should be disabled for Azure Batch Instances",
          "description": "This policy denies creation of Azure Batch Instances with exposed public endpoints"
        },
        "allowedValues": [
          "Audit",
          "Deny",
          "Disabled"
        ],
        "defaultValue": "Deny"
      },
      "MariaDbPublicIpDenyEffect": {
        "type": "String",
        "metadata": {
          "displayName": "Public network access should be disabled for Azure MariaDB",
          "description": "This policy denies creation of Azure MariaDB with exposed public endpoints"
        },
        "allowedValues": [
          "Audit",
          "Deny",
          "Disabled"
        ],
        "defaultValue": "Deny"
      },
      "MlPublicIpDenyEffect": {
        "type": "String",
        "metadata": {
          "displayName": "Public network access should be disabled for Azure Machine Learning",
          "description": "This policy denies creation of Azure Machine Learning with exposed public endpoints"
        },
        "allowedValues": [
          "Audit",
          "Deny",
          "Disabled"
        ],
        "defaultValue": "Deny"
      },
      "RedisCachePublicIpDenyEffect": {
        "type": "String",
        "metadata": {
          "displayName": "Public network access should be disabled for Azure Cache for Redis",
          "description": "This policy denies creation of Azure Cache for Redis with exposed public endpoints"
        },
        "allowedValues": [
          "Audit",
          "Deny",
          "Disabled"
        ],
        "defaultValue": "Deny"
      },
      "BotServicePublicIpDenyEffect": {
        "type": "String",
        "metadata": {
          "displayName": "Public network access should be disabled for Bot Service",
          "description": "This policy denies creation of Bot Service with exposed public endpoints. Bots should be seet to 'isolated only' mode"
        },
        "allowedValues": [
          "Audit",
          "Deny",
          "Disabled"
        ],
        "defaultValue": "Deny"
      },
      "AutomationPublicIpDenyEffect": {
        "type": "String",
        "metadata": {
          "displayName": "Public network access should be disabled for Automation accounts",
          "description": "This policy denies creation of Automation accounts with exposed public endpoints. Bots should be seet to 'isolated only' mode"
        },
        "allowedValues": [
          "Audit",
          "Deny",
          "Disabled"
        ],
        "defaultValue": "Deny"
      },
      "AppConfigPublicIpDenyEffect": {
        "type": "String",
        "metadata": {
          "displayName": "Public network access should be disabled for App Configuration",
          "description": "This policy denies creation of App Configuration with exposed public endpoints"
        },
        "allowedValues": [
          "Audit",
          "Deny",
          "Disabled"
        ],
        "defaultValue": "Deny"
      },
      "FunctionPublicIpDenyEffect": {
        "type": "String",
        "metadata": {
          "displayName": "Public network access should be disabled for Function apps",
          "description": "This policy denies creation of Function apps with exposed public endpoints"
        },
        "allowedValues": [
          "Audit",
          "Deny",
          "Disabled"
        ],
        "defaultValue": "Deny"
      },
      "AsePublicIpDenyEffect": {
        "type": "String",
        "metadata": {
          "displayName": "Public network access should be disabled for App Service Environment apps",
          "description": "This policy denies creation of App Service Environment apps with exposed public endpoints"
        },
        "allowedValues": [
          "Audit",
          "Deny",
          "Disabled"
        ],
        "defaultValue": "Deny"
      },
      "AsPublicIpDenyEffect": {
        "type": "String",
        "metadata": {
          "displayName": "Public network access should be disabled for App Service apps",
          "description": "This policy denies creation of App Service apps with exposed public endpoints"
        },
        "allowedValues": [
          "Audit",
          "Deny",
          "Disabled"
        ],
        "defaultValue": "Deny"
      },
      "ApiManPublicIpDenyEffect": {
        "type": "String",
        "metadata": {
          "displayName": "Public network access should be disabled for API Management services",
          "description": "This policy denies creation of API Management services with exposed public endpoints"
        },
        "allowedValues": [
          "AuditIfNotExists",
          "Disabled"
        ],
        "defaultValue": "AuditIfNotExists"
      }
    },
    "policyDefinitions": [
      {
        "policyDefinitionReferenceId": "CosmosDenyPaasPublicIP",
        "policyDefinitionId": "/providers/Microsoft.Authorization/policyDefinitions/797b37f7-06b8-444c-b1ad-fc62867f335a",
        "parameters": {
          "effect": {
            "value": "[parameters('CosmosPublicIpDenyEffect')]"
          }
        },
        "groupNames": []
      },
      {
        "policyDefinitionReferenceId": "KeyVaultDenyPaasPublicIP",
        "policyDefinitionId": "/providers/Microsoft.Authorization/policyDefinitions/405c5871-3e91-4644-8a63-58e19d68ff5b",
        "parameters": {
          "effect": {
            "value": "[parameters('KeyVaultPublicIpDenyEffect')]"
          }
        },
        "groupNames": []
      },
      {
        "policyDefinitionReferenceId": "SqlServerDenyPaasPublicIP",
        "policyDefinitionId": "/providers/Microsoft.Authorization/policyDefinitions/1b8ca024-1d5c-4dec-8995-b1a932b41780",
        "parameters": {
          "effect": {
            "value": "[parameters('SqlServerPublicIpDenyEffect')]"
          }
        },
        "groupNames": []
      },
      {
        "policyDefinitionReferenceId": "StorageDenyPaasPublicIP",
        "policyDefinitionId": "/providers/Microsoft.Authorization/policyDefinitions/b2982f36-99f2-4db5-8eff-283140c09693",
        "parameters": {
          "effect": {
            "value": "[parameters('StoragePublicIpDenyEffect')]"
          }
        },
        "groupNames": []
      },
      {
        "policyDefinitionReferenceId": "AKSDenyPaasPublicIP",
        "policyDefinitionId": "/providers/Microsoft.Authorization/policyDefinitions/040732e8-d947-40b8-95d6-854c95024bf8",
        "parameters": {
          "effect": {
            "value": "[parameters('AKSPublicIpDenyEffect')]"
          }
        },
        "groupNames": []
      },
      {
        "policyDefinitionReferenceId": "ACRDenyPaasPublicIP",
        "policyDefinitionId": "/providers/Microsoft.Authorization/policyDefinitions/0fdf0491-d080-4575-b627-ad0e843cba0f",
        "parameters": {
          "effect": {
            "value": "[parameters('ACRPublicIpDenyEffect')]"
          }
        },
        "groupNames": []
      },
      {
        "policyDefinitionReferenceId": "AFSDenyPaasPublicIP",
        "policyDefinitionId": "/providers/Microsoft.Authorization/policyDefinitions/21a8cd35-125e-4d13-b82d-2e19b7208bb7",
        "parameters": {
          "effect": {
            "value": "[parameters('AFSPublicIpDenyEffect')]"
          }
        },
        "groupNames": []
      },
      {
        "policyDefinitionReferenceId": "PostgreSQLFlexDenyPublicIP",
        "policyDefinitionId": "/providers/Microsoft.Authorization/policyDefinitions/5e1de0e3-42cb-4ebc-a86d-61d0c619ca48",
        "parameters": {
          "effect": {
            "value": "[parameters('PostgreSQLFlexPublicIpDenyEffect')]"
          }
        },
        "groupNames": []
      },
      {
        "policyDefinitionReferenceId": "MySQLFlexDenyPublicIP",
        "policyDefinitionId": "/providers/Microsoft.Authorization/policyDefinitions/c9299215-ae47-4f50-9c54-8a392f68a052",
        "parameters": {
          "effect": {
            "value": "[parameters('MySQLFlexPublicIpDenyEffect')]"
          }
        },
        "groupNames": []
      },
      {
        "policyDefinitionReferenceId": "BatchDenyPublicIP",
        "policyDefinitionId": "/providers/Microsoft.Authorization/policyDefinitions/74c5a0ae-5e48-4738-b093-65e23a060488",
        "parameters": {
          "effect": {
            "value": "[parameters('BatchPublicIpDenyEffect')]"
          }
        },
        "groupNames": []
      },
      {
        "policyDefinitionReferenceId": "MariaDbDenyPublicIP",
        "policyDefinitionId": "/providers/Microsoft.Authorization/policyDefinitions/fdccbe47-f3e3-4213-ad5d-ea459b2fa077",
        "parameters": {
          "effect": {
            "value": "[parameters('MariaDbPublicIpDenyEffect')]"
          }
        },
        "groupNames": []
      },
      {
        "policyDefinitionReferenceId": "MlDenyPublicIP",
        "policyDefinitionId": "/providers/Microsoft.Authorization/policyDefinitions/438c38d2-3772-465a-a9cc-7a6666a275ce",
        "parameters": {
          "effect": {
            "value": "[parameters('MlPublicIpDenyEffect')]"
          }
        },
        "groupNames": []
      },
      {
        "policyDefinitionReferenceId": "RedisCacheDenyPublicIP",
        "policyDefinitionId": "/providers/Microsoft.Authorization/policyDefinitions/470baccb-7e51-4549-8b1a-3e5be069f663",
        "parameters": {
          "effect": {
            "value": "[parameters('RedisCachePublicIpDenyEffect')]"
          }
        },
        "groupNames": []
      },
      {
        "policyDefinitionReferenceId": "BotServiceDenyPublicIP",
        "policyDefinitionId": "/providers/Microsoft.Authorization/policyDefinitions/5e8168db-69e3-4beb-9822-57cb59202a9d",
        "parameters": {
          "effect": {
            "value": "[parameters('BotServicePublicIpDenyEffect')]"
          }
        },
        "groupNames": []
      },
      {
        "policyDefinitionReferenceId": "AutomationDenyPublicIP",
        "policyDefinitionId": "/providers/Microsoft.Authorization/policyDefinitions/955a914f-bf86-4f0e-acd5-e0766b0efcb6",
        "parameters": {
          "effect": {
            "value": "[parameters('AutomationPublicIpDenyEffect')]"
          }
        },
        "groupNames": []
      },
      {
        "policyDefinitionReferenceId": "AppConfigDenyPublicIP",
        "policyDefinitionId": "/providers/Microsoft.Authorization/policyDefinitions/3d9f5e4c-9947-4579-9539-2a7695fbc187",
        "parameters": {
          "effect": {
            "value": "[parameters('AppConfigPublicIpDenyEffect')]"
          }
        },
        "groupNames": []
      },
      {
        "policyDefinitionReferenceId": "FunctionDenyPublicIP",
        "policyDefinitionId": "/providers/Microsoft.Authorization/policyDefinitions/969ac98b-88a8-449f-883c-2e9adb123127",
        "parameters": {
          "effect": {
            "value": "[parameters('FunctionPublicIpDenyEffect')]"
          }
        },
        "groupNames": []
      },
      {
        "policyDefinitionReferenceId": "AseDenyPublicIP",
        "policyDefinitionId": "/providers/Microsoft.Authorization/policyDefinitions/2d048aca-6479-4923-88f5-e2ac295d9af3",
        "parameters": {
          "effect": {
            "value": "[parameters('AsePublicIpDenyEffect')]"
          }
        },
        "groupNames": []
      },
      {
        "policyDefinitionReferenceId": "AsDenyPublicIP",
        "policyDefinitionId": "/providers/Microsoft.Authorization/policyDefinitions/1b5ef780-c53c-4a64-87f3-bb9c8c8094ba",
        "parameters": {
          "effect": {
            "value": "[parameters('AsPublicIpDenyEffect')]"
          }
        },
        "groupNames": []
      },
      {
        "policyDefinitionReferenceId": "ApiManDenyPublicIP",
        "policyDefinitionId": "/providers/Microsoft.Authorization/policyDefinitions/df73bd95-24da-4a4f-96b9-4e8b94b402bd",
        "parameters": {
          "effect": {
            "value": "[parameters('ApiManPublicIpDenyEffect')]"
          }
        },
        "groupNames": []
      }
    ],
    "policyDefinitionGroups": null
  }
}