{
  "name": "Alerting-ServiceHealth",
  "type": "Microsoft.Authorization/policySetDefinitions",
  "properties": {
  "displayName":"Deploy Azure Monitor Baseline Alerts for Service Health",
  "description":"Initiative to deploy AMBA Service Health alerts to Azure services",
  "metadata":{
     "version":"1.3.0",
     "category":"Monitoring",
     "source":"https://github.com/Azure/azure-monitor-baseline-alerts/",
     "alzCloudEnvironments":[
        "AzureCloud"
     ],
     "_deployed_by_amba":true
  },
  "parameters":{
     "ALZMonitorResourceGroupName":{
        "type":"String",
        "defaultValue":"rg-uks-tf-level",
        "metadata":{
           "displayName":"Resource Group Name",
           "description":"Name of the resource group to deploy the alerts to"
        }
     },
     "ALZMonitorResourceGroupTags":{
        "type":"Object",
        "defaultValue":{
           "_deployed_by_alz_monitor":true
        },
        "metadata":{
           "displayName":"Resource Group Tags",
           "description":"Tags to apply to the resource group"
        }
     },
     "ALZMonitorResourceGroupLocation":{
        "type":"String",
        "defaultValue":"uksouth",
        "metadata":{
           "displayName":"Resource Group Location",
           "description":"Location of the resource group"
        }
     },
     "ResHlthUnhealthyAlertState":{
        "type":"string",
        "defaultValue":"true",
        "metadata":{
           "displayName":"Resource Health Unhealthy Alert State",
           "description":"State of the Resource Health Unhealthy alert"
        }
     },
     "ResHlthUnhealthyPolicyEffect":{
        "type":"string",
        "defaultValue":"deployIfNotExists",
        "allowedValues":[
           "deployIfNotExists",
           "disabled"
        ],
        "metadata":{
           "displayName":"Resource Health Unhealthy Alert Policy Effect",
           "description":"Policy effect for the alert, deployIfNotExists will deploy the alert if it does not exist"
        }
     },
     "SvcHlthAdvisoryAlertState":{
        "type":"string",
        "defaultValue":"true",
        "metadata":{
           "displayName":"Service Health Advisory Alert State",
           "description":"State of the Service Health Advisory alert"
        }
     },
     "serviceHealthAdvisoryPolicyEffect":{
        "type":"string",
        "defaultValue":"deployIfNotExists",
        "allowedValues":[
           "deployIfNotExists",
           "disabled"
        ],
        "metadata":{
           "displayName":"Service Health Advisory Alert Policy Effect",
           "description":"Policy effect for the alert, deployIfNotExists will deploy the alert if it does not exist"
        }
     },
     "SvcHlthIncidentAlertState":{
        "type":"string",
        "defaultValue":"true",
        "metadata":{
           "displayName":"Service Health Incident Alert State",
           "description":"State of the Service Health Incident alert"
        }
     },
     "serviceHealthIncidentPolicyEffect":{
        "type":"string",
        "defaultValue":"deployIfNotExists",
        "allowedValues":[
           "deployIfNotExists",
           "disabled"
        ],
        "metadata":{
           "displayName":"Service Health Incident Alert Policy Effect",
           "description":"Policy effect for the alert, deployIfNotExists will deploy the alert if it does not exist"
        }
     },
     "SvcHlthMaintenanceAlertState":{
        "type":"string",
        "defaultValue":"true",
        "metadata":{
           "displayName":"Service Health Maintenance Alert State",
           "description":"State of the Service Health Maintenance alert"
        }
     },
     "serviceHealthMaintenancePolicyEffect":{
        "type":"string",
        "defaultValue":"deployIfNotExists",
        "allowedValues":[
           "deployIfNotExists",
           "disabled"
        ],
        "metadata":{
           "displayName":"Service Health Maintenance Alert Policy Effect",
           "description":"Policy effect for the alert, deployIfNotExists will deploy the alert if it does not exist"
        }
     },
     "svcHlthSecAdvisoryAlertState":{
        "type":"string",
        "defaultValue":"true",
        "metadata":{
           "displayName":"Service Health Security Advisory Alert State",
           "description":"State of the Service Health Security Advisory alert"
        }
     },
     "serviceHealthSecurityPolicyEffect":{
        "type":"string",
        "defaultValue":"deployIfNotExists",
        "allowedValues":[
           "deployIfNotExists",
           "disabled"
        ],
        "metadata":{
           "displayName":"Service Health Security Advisory Alert Policy Effect",
           "description":"Policy effect for the alert, deployIfNotExists will deploy the alert if it does not exist"
        }
     },
     "MonitorDisable":{
        "type":"string",
        "defaultValue":"MonitorDisable",
        "metadata":{
           "displayName":"Monitoring disabled",
           "description":"Tag name to disable monitoring. Set to true if monitoring should be disabled"
        }
     },
     "ALZMonitorActionGroupEmail":{
        "type":"string",
        "defaultValue":"",
        "metadata":{
           "displayName":"Action Group Email Addresses",
           "description":"Email addresses to send alerts to"
        }
     },
     "ALZLogicappResourceId":{
        "type":"String",
        "defaultValue":"",
        "metadata":{
           "displayName":"Logic App Resource Id",
           "description":"Logic App Resource Id for Action Group to send alerts to"
        }
     },
     "ALZLogicappCallbackUrl":{
        "type":"String",
        "metadata":{
           "displayName":"Logic App Callback URL",
           "description":"Callback URL that triggers the Logic App"
        },
        "defaultValue":""
     },
     "ALZArmRoleId":{
        "type":"String",
        "defaultValue":"",
        "metadata":{
           "displayName":"Arm Role Id",
           "description":"Arm Built-in Role Id for action group to send alerts to a subscription level, will only send to individual members of role"
        }
     },
     "ALZEventHubResourceId":{
        "type":"String",
        "defaultValue":"",
        "metadata":{
           "displayName":"Event Hub resource id",
           "description":"Event Hub resource id for action group to send alerts to"
        }
     },
     "ALZWebhookServiceUri":{
        "type":"String",
        "metadata":{
           "displayName":"Webhook Service Uri",
           "description":"Indicates the service uri of the webhook to send alerts to"
        },
        "defaultValue":""
     },
     "ALZFunctionResourceId":{
        "type":"String",
        "metadata":{
           "displayName":"Function Resource Id",
           "description":"Function Resource Id for Action Group to send alerts to"
        },
        "defaultValue":""
     },
     "ALZFunctionTriggerUrl":{
        "type":"String",
        "metadata":{
           "displayName":"Function Trigger URL",
           "description":"URL that triggers the Function App"
        },
        "defaultValue":""
     }
  },
  "policyDefinitions":[
     {
        "policyDefinitionReferenceId":"ALZ_ServiceHealth_ActionGroups",
        "policyDefinitionId":"/providers/Microsoft.Management/managementGroups/alz/providers/Microsoft.Authorization/policyDefinitions/Deploy_ServiceHealth_AG",
        "parameters":{
           "ALZMonitorResourceGroupName":{
              "value":"[parameters('ALZMonitorResourceGroupName')]"
           },
           "ALZMonitorResourceGroupTags":{
              "value":"[parameters('ALZMonitorResourceGroupTags')]"
           },
           "ALZMonitorResourceGroupLocation":{
              "value":"[parameters('ALZMonitorResourceGroupLocation')]"
           },
           "ALZMonitorActionGroupEmail":{
              "value":"[parameters('ALZMonitorActionGroupEmail')]"
           },
           "ALZLogicappResourceId":{
              "value":"[parameters('ALZLogicappResourceId')]"
           },
           "ALZLogicappCallbackUrl":{
              "value":"[parameters('ALZLogicappCallbackUrl')]"
           },
           "ALZArmRoleId":{
              "value":"[parameters('ALZArmRoleId')]"
           },
           "ALZEventHubResourceId":{
              "value":"[parameters('ALZEventHubResourceId')]"
           },
           "ALZWebhookServiceUri":{
              "value":"[parameters('ALZWebhookServiceUri')]"
           },
           "ALZFunctionResourceId":{
              "value":"[parameters('ALZFunctionResourceId')]"
           },
           "ALZFunctionTriggerUrl":{
              "value":"[parameters('ALZFunctionTriggerUrl')]"
           }
        }
     },
     {
        "policyDefinitionReferenceId":"ALZ_ResHlthUnhealthy",
        "policyDefinitionId":"/providers/Microsoft.Management/managementGroups/alz/providers/Microsoft.Authorization/policyDefinitions/Deploy_RH_Unhealthy_Alert",
        "parameters":{
           "enabled":{
              "value":"[parameters('ResHlthUnhealthyAlertState')]"
           },
           "effect":{
              "value":"[parameters('ResHlthUnhealthyPolicyEffect')]"
           },
           "alertResourceGroupName":{
              "value":"[parameters('ALZMonitorResourceGroupName')]"
           },
           "alertResourceGroupTags":{
              "value":"[parameters('ALZMonitorResourceGroupTags')]"
           },
           "alertResourceGroupLocation":{
              "value":"[parameters('ALZMonitorResourceGroupLocation')]"
           },
           "MonitorDisable":{
              "value":"[parameters('MonitorDisable')]"
           }
        }
     },
     {
        "policyDefinitionReferenceId":"ALZ_SvcHlthAdvisory",
        "policyDefinitionId":"/providers/Microsoft.Management/managementGroups/alz/providers/Microsoft.Authorization/policyDefinitions/Deploy_SH_Advisory_Alert",
        "parameters":{
           "enabled":{
              "value":"[parameters('SvcHlthAdvisoryAlertState')]"
           },
           "effect":{
              "value":"[parameters('serviceHealthAdvisoryPolicyEffect')]"
           },
           "alertResourceGroupName":{
              "value":"[parameters('ALZMonitorResourceGroupName')]"
           },
           "alertResourceGroupTags":{
              "value":"[parameters('ALZMonitorResourceGroupTags')]"
           },
           "alertResourceGroupLocation":{
              "value":"[parameters('ALZMonitorResourceGroupLocation')]"
           },
           "ALZMonitorActionGroupEmail":{
              "value":"[parameters('ALZMonitorActionGroupEmail')]"
           },
           "MonitorDisable":{
              "value":"[parameters('MonitorDisable')]"
           }
        }
     },
     {
        "policyDefinitionReferenceId":"ALZ_SvcHlthIncident",
        "policyDefinitionId":"/providers/Microsoft.Management/managementGroups/alz/providers/Microsoft.Authorization/policyDefinitions/Deploy_SH_Incident",
        "parameters":{
           "enabled":{
              "value":"[parameters('SvcHlthIncidentAlertState')]"
           },
           "effect":{
              "value":"[parameters('serviceHealthIncidentPolicyEffect')]"
           },
           "alertResourceGroupName":{
              "value":"[parameters('ALZMonitorResourceGroupName')]"
           },
           "alertResourceGroupTags":{
              "value":"[parameters('ALZMonitorResourceGroupTags')]"
           },
           "alertResourceGroupLocation":{
              "value":"[parameters('ALZMonitorResourceGroupLocation')]"
           },
           "ALZMonitorActionGroupEmail":{
              "value":"[parameters('ALZMonitorActionGroupEmail')]"
           },
           "MonitorDisable":{
              "value":"[parameters('MonitorDisable')]"
           }
        }
     },
     {
        "policyDefinitionReferenceId":"ALZ_SvcHlthMaintenance",
        "policyDefinitionId":"/providers/Microsoft.Management/managementGroups/alz/providers/Microsoft.Authorization/policyDefinitions/Deploy_SH_Maintenance",
        "parameters":{
           "enabled":{
              "value":"[parameters('SvcHlthMaintenanceAlertState')]"
           },
           "effect":{
              "value":"[parameters('serviceHealthMaintenancePolicyEffect')]"
           },
           "alertResourceGroupName":{
              "value":"[parameters('ALZMonitorResourceGroupName')]"
           },
           "alertResourceGroupTags":{
              "value":"[parameters('ALZMonitorResourceGroupTags')]"
           },
           "alertResourceGroupLocation":{
              "value":"[parameters('ALZMonitorResourceGroupLocation')]"
           },
           "ALZMonitorActionGroupEmail":{
              "value":"[parameters('ALZMonitorActionGroupEmail')]"
           },
           "MonitorDisable":{
              "value":"[parameters('MonitorDisable')]"
           }
        }
     },
     {
        "policyDefinitionReferenceId":"ALZ_svcHlthSecAdvisory",
        "policyDefinitionId":"/providers/Microsoft.Management/managementGroups/alz/providers/Microsoft.Authorization/policyDefinitions/Deploy_SH_SecurityAdvisory",
        "parameters":{
           "enabled":{
              "value":"[parameters('svcHlthSecAdvisoryAlertState')]"
           },
           "effect":{
              "value":"[parameters('serviceHealthSecurityPolicyEffect')]"
           },
           "alertResourceGroupName":{
              "value":"[parameters('ALZMonitorResourceGroupName')]"
           },
           "alertResourceGroupTags":{
              "value":"[parameters('ALZMonitorResourceGroupTags')]"
           },
           "alertResourceGroupLocation":{
              "value":"[parameters('ALZMonitorResourceGroupLocation')]"
           },
           "ALZMonitorActionGroupEmail":{
              "value":"[parameters('ALZMonitorActionGroupEmail')]"
           },
           "MonitorDisable":{
              "value":"[parameters('MonitorDisable')]"
           }
        }
     }
  ],
  "policyType":"Custom",
  "policyDefinitionGroups":null
}
}