{
  "name": "Enforce-Guardrails-KeyVault",
  "type": "Microsoft.Authorization/policySetDefinitions",
  "apiVersion": "2021-06-01",
  "scope": null,
  "properties": {
    "policyType": "Custom",
    "displayName": "Enforce recommended guardrails for Azure Key Vault",
    "description": "Enforce recommended guardrails for Azure Key Vault.",
    "metadata": {
      "version": "1.0.0",
      "category": "Key Vault",
      "source": "https://github.com/Azure/Enterprise-Scale/",
      "alzCloudEnvironments": [
        "AzureCloud",
        "AzureChinaCloud",
        "AzureUSGovernment"
      ]
    },
    "parameters": {
      "effectKvSoftDelete": {
        "type": "String",
        "metadata": {
          "displayName": "Effect",
          "description": "Enable or disable the execution of the policy"
        },
        "allowedValues": [
          "Audit",
          "Deny",
          "Disabled"
        ],
        "defaultValue": "Deny"
      },
      "effectKvPurgeProtection": {
        "type": "String",
        "metadata": {
          "displayName": "Effect",
          "description": "Enable or disable the execution of the policy"
        },
        "allowedValues": [
          "Audit",
          "Deny",
          "Disabled"
        ],
        "defaultValue": "Deny"
      },
      "effectKvSecretsExpire": {
        "type": "String",
        "metadata": {
          "displayName": "Effect",
          "description": "Enable or disable the execution of the policy"
        },
        "allowedValues": [
          "Audit",
          "Deny",
          "Disabled"
        ],
        "defaultValue": "Audit"
      },
      "effectKvKeysExpire": {
        "type": "String",
        "metadata": {
          "displayName": "Effect",
          "description": "Enable or disable the execution of the policy"
        },
        "allowedValues": [
          "Audit",
          "Deny",
          "Disabled"
        ],
        "defaultValue": "Audit"
      },
      "effectKvFirewallEnabled": {
        "type": "String",
        "metadata": {
          "displayName": "Effect",
          "description": "Enable or disable the execution of the policy"
        },
        "allowedValues": [
          "Audit",
          "Deny",
          "Disabled"
        ],
        "defaultValue": "Audit"
      },
      "effectKvCertLifetime": {
        "type": "String",
        "metadata": {
          "displayName": "Effect",
          "description": "Enable or disable the execution of the policy"
        },
        "allowedValues": [
          "audit",
          "Audit",
          "deny",
          "Deny",
          "disabled",
          "Disabled"
        ],
        "defaultValue": "Audit"
      },
      "maximumCertLifePercentageLife": {
        "type": "Integer",
        "metadata": {
          "displayName": "The maximum lifetime percentage",
          "description": "Enter the percentage of lifetime of the certificate when you want to trigger the policy action. For example, to trigger a policy action at 80% of the certificate's valid life, enter '80'."
        },
        "defaultValue": 80
      },
      "minimumCertLifeDaysBeforeExpiry": {
        "type": "Integer",
        "metadata": {
          "displayName": "The minimum days before expiry",
          "description": "Enter the days before expiration of the certificate when you want to trigger the policy action. For example, to trigger a policy action 90 days before the certificate's expiration, enter '90'."
        },
        "defaultValue": 90
      },
      "effectKvKeysLifetime": {
        "type": "String",
        "metadata": {
          "displayName": "Effect",
          "description": "Enable or disable the execution of the policy"
        },
        "allowedValues": [
          "Audit",
          "Deny",
          "Disabled"
        ],
        "defaultValue": "Audit"
      },
      "minimumKeysLifeDaysBeforeExpiry": {
        "type": "Integer",
        "metadata": {
          "displayName": "The minimum days before expiry",
          "description": "Enter the days before expiration of the certificate when you want to trigger the policy action. For example, to trigger a policy action 90 days before the certificate's expiration, enter '90'."
        },
        "defaultValue": 90
      },
      "effectKvSecretsLifetime": {
        "type": "String",
        "metadata": {
          "displayName": "Effect",
          "description": "Enable or disable the execution of the policy"
        },
        "allowedValues": [
          "Audit",
          "Deny",
          "Disabled"
        ],
        "defaultValue": "Audit"
      },
      "minimumSecretsLifeDaysBeforeExpiry": {
        "type": "Integer",
        "metadata": {
          "displayName": "The minimum days before expiry",
          "description": "Enter the days before expiration of the certificate when you want to trigger the policy action. For example, to trigger a policy action 90 days before the certificate's expiration, enter '90'."
        },
        "defaultValue": 90
      }
    },
    "policyDefinitions": [
      {
        "policyDefinitionReferenceId": "KvSoftDelete",
        "policyDefinitionId": "/providers/Microsoft.Authorization/policyDefinitions/1e66c121-a66a-4b1f-9b83-0fd99bf0fc2d",
        "parameters": {
          "effect": {
            "value": "[parameters('effectKvSoftDelete')]"
          }
        },
        "groupNames": []
      },
      {
        "policyDefinitionReferenceId": "KvPurgeProtection",
        "policyDefinitionId": "/providers/Microsoft.Authorization/policyDefinitions/0b60c0b2-2dc2-4e1c-b5c9-abbed971de53",
        "parameters": {
          "effect": {
            "value": "[parameters('effectKvPurgeProtection')]"
          }
        },
        "groupNames": []
      },
      {
        "policyDefinitionReferenceId": "KvSecretsExpire",
        "policyDefinitionId": "/providers/Microsoft.Authorization/policyDefinitions/98728c90-32c7-4049-8429-847dc0f4fe37",
        "parameters": {
          "effect": {
            "value": "[parameters('effectKvSecretsExpire')]"
          }
        },
        "groupNames": []
      },
      {
        "policyDefinitionReferenceId": "KvKeysExpire",
        "policyDefinitionId": "/providers/Microsoft.Authorization/policyDefinitions/152b15f7-8e1f-4c1f-ab71-8c010ba5dbc0",
        "parameters": {
          "effect": {
            "value": "[parameters('effectKvKeysExpire')]"
          }
        },
        "groupNames": []
      },
      {
        "policyDefinitionReferenceId": "KvFirewallEnabled",
        "policyDefinitionId": "/providers/Microsoft.Authorization/policyDefinitions/55615ac9-af46-4a59-874e-391cc3dfb490",
        "parameters": {
          "effect": {
            "value": "[parameters('effectKvFirewallEnabled')]"
          }
        },
        "groupNames": []
      },
      {
        "policyDefinitionReferenceId": "KvCertLifetime",
        "policyDefinitionId": "/providers/Microsoft.Authorization/policyDefinitions/12ef42cb-9903-4e39-9c26-422d29570417",
        "parameters": {
          "effect": {
            "value": "[parameters('effectKvCertLifetime')]"
          },
          "maximumPercentageLife": {
            "value": "[parameters('maximumCertLifePercentageLife')]"
          },
          "minimumDaysBeforeExpiry": {
            "value": "[parameters('minimumCertLifeDaysBeforeExpiry')]"
          }
        },
        "groupNames": []
      },
      {
        "policyDefinitionReferenceId": "KvKeysLifetime",
        "policyDefinitionId": "/providers/Microsoft.Authorization/policyDefinitions/5ff38825-c5d8-47c5-b70e-069a21955146",
        "parameters": {
          "effect": {
            "value": "[parameters('effectKvKeysLifetime')]"
          },
          "minimumDaysBeforeExpiration": {
            "value": "[parameters('minimumKeysLifeDaysBeforeExpiry')]"
          }
        },
        "groupNames": []
      },
      {
        "policyDefinitionReferenceId": "KvSecretsLifetime",
        "policyDefinitionId": "/providers/Microsoft.Authorization/policyDefinitions/b0eb591a-5e70-4534-a8bf-04b9c489584a",
        "parameters": {
          "effect": {
            "value": "[parameters('effectKvSecretsLifetime')]"
          },
          "minimumDaysBeforeExpiration": {
            "value": "[parameters('minimumSecretsLifeDaysBeforeExpiry')]"
          }
        },
        "groupNames": []
      }
    ],
    "policyDefinitionGroups": null
  }
}