{
  "name": "Audit-Splunk-Linux",
  "type": "Microsoft.Authorization/policyDefinitions",
  "apiVersion": "2021-06-01",
  "scope": null,
  "properties": {
    "policyType": "Custom",
    "mode": "All",
    "displayName": "Audit Linux machines on which Splunk Forwarder service service is not installed and running",
    "description": "Audit Linux machines on which Splunk Forwarder service service is not installed and running",
    "metadata": {
      "version": "1.0.0",
      "category": "Guest Configuration",
      "guestConfiguration": {
        "name": "MPGAuditSplunkForwarderServiceLinuxService",
        "version": "1.1.0",
        "contentType": "Custom",
        "contentUri": "https://saa3guestconfig002.blob.core.windows.net/guestconfiguration/MPGAuditSplunkForwarderServiceLinuxService.zip?sv=2020-08-04&st=2022-02-22T05%3A01%3A32Z&se=2025-02-22T05%3A01%3A32Z&sr=b&sp=rl&sig=Wu36fQbDGhdFsxKhE8ScHi9SL8I2VcqQGOALH%2FXl8zM%3D",
        "contentHash": "1E7638E8958D30B9CBBCD2555916643FCE0CD69C43B07958C341D419BC620522",
        "configurationParameter": {}
      }
    },
    "parameters": {
      "IncludeArcMachines": {
        "type": "String",
        "metadata": {
          "displayName": "Include Arc connected servers",
          "description": "By selecting this option, you agree to be charged monthly per Arc connected machine.",
          "portalReview": "true"
        },
        "allowedValues": [
          "true",
          "false"
        ],
        "defaultValue": "false"
      },
      "effect": {
        "type": "String",
        "defaultValue": "auditIfNotExists",
        "allowedValues": [
          "auditIfNotExists"
        ],
        "metadata": {
          "displayName": "Effect",
          "description": "Enable or disable the execution of the policy"
        }
      }
    },
    "policyRule": {
      "if": {
        "anyOf": [
          {
            "allOf": [
              {
                "field": "type",
                "equals": "Microsoft.Compute/virtualMachines"
              },
              {
                "anyOf": [
                  {
                    "field": "Microsoft.Compute/imagePublisher",
                    "in": [
                      "microsoft-aks",
                      "qubole-inc",
                      "datastax",
                      "couchbase",
                      "scalegrid",
                      "checkpoint",
                      "paloaltonetworks",
                      "debian"
                    ]
                  },
                  {
                    "allOf": [
                      {
                        "field": "Microsoft.Compute/imagePublisher",
                        "equals": "OpenLogic"
                      },
                      {
                        "field": "Microsoft.Compute/imageOffer",
                        "like": "CentOS*"
                      },
                      {
                        "field": "Microsoft.Compute/imageSKU",
                        "notLike": "6*"
                      }
                    ]
                  },
                  {
                    "allOf": [
                      {
                        "field": "Microsoft.Compute/imagePublisher",
                        "equals": "Oracle"
                      },
                      {
                        "field": "Microsoft.Compute/imageOffer",
                        "equals": "Oracle-Linux"
                      },
                      {
                        "field": "Microsoft.Compute/imageSKU",
                        "notLike": "6*"
                      }
                    ]
                  },
                  {
                    "allOf": [
                      {
                        "field": "Microsoft.Compute/imagePublisher",
                        "equals": "RedHat"
                      },
                      {
                        "field": "Microsoft.Compute/imageOffer",
                        "in": [
                          "RHEL",
                          "RHEL-HA",
                          "RHEL-SAP",
                          "RHEL-SAP-APPS",
                          "RHEL-SAP-HA",
                          "RHEL-SAP-HANA"
                        ]
                      },
                      {
                        "field": "Microsoft.Compute/imageSKU",
                        "notLike": "6*"
                      }
                    ]
                  },
                  {
                    "allOf": [
                      {
                        "field": "Microsoft.Compute/imagePublisher",
                        "equals": "RedHat"
                      },
                      {
                        "field": "Microsoft.Compute/imageOffer",
                        "in": [
                          "osa",
                          "rhel-byos"
                        ]
                      }
                    ]
                  },
                  {
                    "allOf": [
                      {
                        "field": "Microsoft.Compute/imagePublisher",
                        "equals": "center-for-internet-security-inc"
                      },
                      {
                        "field": "Microsoft.Compute/imageOffer",
                        "in": [
                          "cis-centos-7-l1",
                          "cis-centos-7-v2-1-1-l1",
                          "cis-centos-8-l1",
                          "cis-debian-linux-8-l1",
                          "cis-debian-linux-9-l1",
                          "cis-nginx-centos-7-v1-1-0-l1",
                          "cis-oracle-linux-7-v2-0-0-l1",
                          "cis-oracle-linux-8-l1",
                          "cis-postgresql-11-centos-linux-7-level-1",
                          "cis-rhel-7-l2",
                          "cis-rhel-7-v2-2-0-l1",
                          "cis-rhel-8-l1",
                          "cis-suse-linux-12-v2-0-0-l1",
                          "cis-ubuntu-linux-1604-v1-0-0-l1",
                          "cis-ubuntu-linux-1804-l1"
                        ]
                      }
                    ]
                  },
                  {
                    "allOf": [
                      {
                        "field": "Microsoft.Compute/imagePublisher",
                        "equals": "credativ"
                      },
                      {
                        "field": "Microsoft.Compute/imageOffer",
                        "equals": "Debian"
                      },
                      {
                        "field": "Microsoft.Compute/imageSKU",
                        "notLike": "7*"
                      }
                    ]
                  },
                  {
                    "allOf": [
                      {
                        "field": "Microsoft.Compute/imagePublisher",
                        "equals": "Suse"
                      },
                      {
                        "field": "Microsoft.Compute/imageOffer",
                        "like": "SLES*"
                      },
                      {
                        "field": "Microsoft.Compute/imageSKU",
                        "notLike": "11*"
                      }
                    ]
                  },
                  {
                    "allOf": [
                      {
                        "field": "Microsoft.Compute/imagePublisher",
                        "equals": "Canonical"
                      },
                      {
                        "field": "Microsoft.Compute/imageOffer",
                        "contains": "Ubuntu"
                      },
                      {
                        "field": "Microsoft.Compute/imageSKU",
                        "notLike": "12*"
                      }
                    ]
                  },
                  {
                    "allOf": [
                      {
                        "field": "Microsoft.Compute/imagePublisher",
                        "equals": "microsoft-dsvm"
                      },
                      {
                        "field": "Microsoft.Compute/imageOffer",
                        "in": [
                          "linux-data-science-vm-ubuntu",
                          "azureml",
                          "ubuntu-hpc",
                          "ubuntu-1804"
                        ]
                      }
                    ]
                  },
                  {
                    "allOf": [
                      {
                        "field": "Microsoft.Compute/imagePublisher",
                        "equals": "cloudera"
                      },
                      {
                        "field": "Microsoft.Compute/imageOffer",
                        "equals": "cloudera-centos-os"
                      },
                      {
                        "field": "Microsoft.Compute/imageSKU",
                        "notLike": "6*"
                      }
                    ]
                  },
                  {
                    "allOf": [
                      {
                        "field": "Microsoft.Compute/imagePublisher",
                        "equals": "cloudera"
                      },
                      {
                        "field": "Microsoft.Compute/imageOffer",
                        "equals": "cloudera-altus-centos-os"
                      }
                    ]
                  },
                  {
                    "allOf": [
                      {
                        "field": "Microsoft.Compute/imagePublisher",
                        "equals": "microsoft-ads"
                      },
                      {
                        "field": "Microsoft.Compute/imageOffer",
                        "like": "linux*"
                      }
                    ]
                  },
                  {
                    "allOf": [
                      {
                        "anyOf": [
                          {
                            "field": "Microsoft.Compute/virtualMachines/osProfile.linuxConfiguration",
                            "exists": "true"
                          },
                          {
                            "field": "Microsoft.Compute/virtualMachines/storageProfile.osDisk.osType",
                            "like": "Linux*"
                          }
                        ]
                      },
                      {
                        "anyOf": [
                          {
                            "field": "Microsoft.Compute/imagePublisher",
                            "exists": "false"
                          },
                          {
                            "field": "Microsoft.Compute/imagePublisher",
                            "notIn": [
                              "OpenLogic",
                              "RedHat",
                              "credativ",
                              "Suse",
                              "Canonical",
                              "microsoft-dsvm",
                              "cloudera",
                              "microsoft-ads",
                              "center-for-internet-security-inc",
                              "Oracle",
                              "AzureDatabricks",
                              "azureopenshift"
                            ]
                          }
                        ]
                      }
                    ]
                  }
                ]
              }
            ]
          },
          {
            "allOf": [
              {
                "value": "[parameters('IncludeArcMachines')]",
                "equals": "true"
              },
              {
                "anyOf": [
                  {
                    "allOf": [
                      {
                        "field": "type",
                        "equals": "Microsoft.HybridCompute/machines"
                      },
                      {
                        "field": "Microsoft.HybridCompute/imageOffer",
                        "like": "linux*"
                      }
                    ]
                  },
                  {
                    "allOf": [
                      {
                        "field": "type",
                        "equals": "Microsoft.ConnectedVMwarevSphere/virtualMachines"
                      },
                      {
                        "field": "Microsoft.ConnectedVMwarevSphere/virtualMachines/osProfile.osType",
                        "like": "linux*"
                      }
                    ]
                  }
                ]
              }
            ]
          }
        ]
      },
      "then": {
        "effect": "[parameters('effect')]",
        "details": {
          "type": "Microsoft.GuestConfiguration/guestConfigurationAssignments",
          "name": "MPGAuditSplunkForwarderServiceLinuxService",
          "existenceCondition": {
            "allOf": [
              {
                "field": "Microsoft.GuestConfiguration/guestConfigurationAssignments/complianceStatus",
                "equals": "Compliant"
              }
            ]
          }
        }
      }
    }
  }
}