{
  "name": "Require-SQL-TDE",
  "type": "Microsoft.Authorization/policyDefinitions",
  "apiVersion": "2021-06-01",
  "scope": null,
  "properties": {
    "policyType": "Custom",
    "mode": "Indexed",
    "displayName": "Transparent Data Encryption on SQL databases should be enabled",
    "description": "Transparent Data Encryption on SQL databases should be enabled",
    "metadata": {
      "version": "1.0.0",
      "category": "SQL"
    },
    "parameters": {
      "effect": {
        "type": "String",
        "defaultValue": "Deny",
        "allowedValues": [
          "Deny",
          "Disabled"
        ],
        "metadata": {
          "displayName": "Effect",
          "description": "The effect determines what happens when the policy rule is evaluated to match"
        }
      }
    },
    "policyRule": {
      "if": {
        "allof":[
          {
            "field": "type",
            "equals": "Microsoft.Sql/servers/databases"
          },
          {
            "field": "name",
            "notEquals": "master"
          },
          {
            "anyOf": [
              {
                "field": "Microsoft.Sql/transparentDataEncryption.status",
                "equals": "enabled"
              },
              {
                "field": "Microsoft.Sql/servers/databases/transparentDataEncryption/state",
                "equals": "enabled"
              }
            ]
          }
        ]
      },
      "then": {
        "effect": "[parameters('effect')]"
      }
    }
  }
}