{
  "name": "Deny-VM-NICs",
  "type": "Microsoft.Authorization/policyDefinitions",
  "apiVersion": "2021-06-01",
  "scope": null,
  "properties": {
    "policyType": "Custom",
    "mode": "Indexed",
    "displayName": "Policy to restrict VM creation with more than one NIC",
    "description": "Policy to restrict VM creation with more than one NIC",
    "metadata": {
      "version": "1.0.0",
      "category": "Compute"
    },
    "parameters": {
      "effect": {
        "type": "String",
        "allowedValues": [
          "Audit",
          "Deny",
          "Disabled"
        ],
        "defaultValue": "Audit"
      }
    },
    "policyRule": {
      "if": {
        "allOf": [
          {
            "field": "type",
            "equals": "Microsoft.Compute/virtualMachines"
          },
          {
            "count": {
              "field": "Microsoft.Compute/virtualMachines/networkProfile.networkInterfaces[*]"
            },
            "greaterOrEquals": 1
          }
        ]
      },
      "then": {
        "effect": "[parameters('effect')]"
      }
    }
  }
}