{
  "name": "Require-Tags-VM",
  "type": "Microsoft.Authorization/policyDefinitions",
  "apiVersion": "2021-06-01",
  "scope": null,
  "properties": {
    "policyType": "Custom",
    "mode": "All",
    "displayName": "Requires a Tag  on Virtual Machine",
    "description": "Enforces a required tag on Virtual Machine",
    "metadata": {
      "version": "1.0.0",
      "category": "Tags"
    },
    "parameters": {
      "tagName": {
        "type": "String",
        "metadata": {
          "displayName": "Tag Name",
          "description": "Name of the tag, such as 'environment'"
        }
      }
    },
    "policyRule": {
      "if": {
        "allOf": [
          {
            "field": "type",
            "equals": "Microsoft.Compute/virtualMachines"
          },
          {
            "field": "[concat('tags[', parameters('tagName'), ']')]",
            "exists": "false"
          }
        ]
      },
      "then": {
        "effect": "deny"
      }
    }
  }
}