{
  "name": "Audit-Fileshare-Backup",
  "type": "Microsoft.Authorization/policyDefinitions",
  "apiVersion": "2021-06-01",
  "scope": null,
  "properties": {
    "policyType": "Custom",
    "mode": "All",
    "displayName": "Audit Azure Fileshare that doesn't have backup enabled",
    "description": "Audit Azure Fileshare that doesn't have backup enabled",
    "metadata": {
      "version": "1.0.0",
      "category": "Backup"
    },
    "parameters": {
      "effect": {
        "type": "String",
        "metadata": {
          "displayName": "Effect",
          "description": "Enable or disable the execution of the policy"
        },
        "allowedValues": [
          "AuditIfNotExists",
          "Disabled"
        ],
        "defaultValue": "AuditIfNotExists"
      }
    },
    "policyRule": {
      "if": {
        "allOf": [
          {
            "field": "type",
            "equals": "Microsoft.Storage/storageAccounts/fileServices/shares"
          }
        ]
      },
      "then": {
        "effect": "[parameters('effect')]",
        "details": {
          "type": "Microsoft.RecoveryServices/vaults/backupFabrics/protectionContainers/protectedItems"
        }
      }
    }
  }
}