{
   "name": "Deploy_SH_SecurityAdvisory",
   "type": "Microsoft.Authorization/policyDefinitions",
   "properties": {
      "policyType":"Custom",
      "mode":"All",
      "displayName":"Deploy Service Health Security Advisory Alert",
      "description":"Policy to Deploy Service Health Security Advisory Alert",
      "metadata":{
         "version":"1.1.2",
         "category":"Monitoring",
         "source":"https://github.com/Azure/azure-monitor-baseline-alerts/",
         "alzCloudEnvironments":[
            "AzureCloud"
         ],
         "_deployed_by_amba":"True"
      },
      "parameters":{
         "enabled":{
            "type":"String",
            "metadata":{
               "displayName":"Alert State",
               "description":"Alert state for the alert"
            },
            "allowedValues":[
               "true",
               "false"
            ],
            "defaultValue":"true"
         },
         "alertResourceGroupName":{
            "type":"String",
            "metadata":{
               "displayName":"Resource Group Name",
               "description":"Resource group the alert is placed in"
            },
            "defaultValue":"rg-uks-tf-level1"
         },
         "alertResourceGroupTags":{
            "type":"Object",
            "metadata":{
               "displayName":"Resource Group Tags",
               "description":"Tags on the Resource group the alert is placed in"
            },
            "defaultValue":{
               "_deployed_by_amba":true
            }
         },
         "alertResourceGroupLocation":{
            "type":"String",
            "metadata":{
               "displayName":"Resource Group Location",
               "description":"Location of the Resource group the alert is placed in"
            },
            "defaultValue":"uksouth"
         },
         "effect":{
            "type":"String",
            "metadata":{
               "displayName":"Effect",
               "description":"Effect of the policy"
            },
            "allowedValues":[
               "deployIfNotExists",
               "disabled"
            ],
            "defaultValue":"disabled"
         },
         "MonitorDisable":{
            "type":"String",
            "metadata":{
               "displayName":"Monitoring disabled",
               "description":"Tag name to disable monitoring. Set to true if monitoring should be disabled"
            },
            "defaultValue":"MonitorDisable"
         },
         "ALZMonitorActionGroupEmail":{
            "type":"String",
            "metadata":{
               "displayName":"Action Group Email Addresses",
               "description":"Email addresses to send alerts to"
            },
            "defaultValue":"action@mail.com"
         }
      },
      "policyRule":{
         "if":{
            "allOf":[
               {
                  "field":"type",
                  "equals":"Microsoft.Resources/subscriptions"
               },
               {
                  "field":"[concat('tags[', parameters('MonitorDisable'), ']')]",
                  "notEquals":"true"
               }
            ]
         },
         "then":{
            "effect":"[parameters('effect')]",
            "details":{
               "roleDefinitionIds":[
                  "/providers/Microsoft.Authorization/roleDefinitions/b24988ac-6180-42a0-ab88-20f7382dd24c"
               ],
               "type":"Microsoft.Insights/activityLogAlerts",
               "existenceScope":"resourcegroup",
               "resourceGroupName":"[parameters('alertResourceGroupName')]",
               "deploymentScope":"subscription",
               "existenceCondition":{
                  "allOf":[
                     {
                        "field":"Microsoft.Insights/ActivityLogAlerts/enabled",
                        "equals":"[parameters('enabled')]"
                     },
                     {
                        "field":"Microsoft.Insights/ActivityLogAlerts/actions.actionGroups[*].actionGroupId",
                        "contains":"ag-AMBA-SH-"
                     },
                     {
                        "count":{
                           "field":"Microsoft.Insights/ActivityLogAlerts/condition.allOf[*]",
                           "where":{
                              "anyOf":[
                                 {
                                    "allOf":[
                                       {
                                          "field":"Microsoft.Insights/ActivityLogAlerts/condition.allOf[*].field",
                                          "equals":"category"
                                       },
                                       {
                                          "field":"Microsoft.Insights/ActivityLogAlerts/condition.allOf[*].equals",
                                          "equals":"ServiceHealth"
                                       }
                                    ]
                                 },
                                 {
                                    "allOf":[
                                       {
                                          "field":"microsoft.insights/activityLogAlerts/condition.allOf[*].field",
                                          "equals":"properties.incidentType"
                                       },
                                       {
                                          "field":"microsoft.insights/activityLogAlerts/condition.allOf[*].equals",
                                          "equals":"Security"
                                       }
                                    ]
                                 }
                              ]
                           }
                        },
                        "equals":2
                     }
                  ]
               },
               "deployment":{
                  "location":"uksouth",
                  "properties":{
                     "mode":"incremental",
                     "template":{
                        "$schema":"https://schema.management.azure.com/schemas/2018-05-01/subscriptionDeploymentTemplate.json#",
                        "contentVersion":"1.0.0.0",
                        "parameters":{
                           "alertResourceGroupName":{
                              "type":"string"
                           },
                           "alertResourceGroupTags":{
                              "type":"object"
                           },
                           "alertResourceGroupLocation":{
                              "type":"string"
                           },
                           "enabled":{
                              "type":"string"
                           },
                           "ALZMonitorActionGroupEmail":{
                              "type":"string"
                           }
                        },
                        "variables":{
                           
                        },
                        "resources":[
                           {
                              "type":"Microsoft.Resources/resourceGroups",
                              "apiVersion":"2021-04-01",
                              "name":"[parameters('alertResourceGroupName')]",
                              "location":"[parameters('alertResourceGroupLocation')]",
                              "tags":"[parameters('alertResourceGroupTags')]"
                           },
                           {
                              "type":"Microsoft.Resources/deployments",
                              "apiVersion":"2019-10-01",
                              "name":"ServiceSecurityIncident",
                              "resourceGroup":"[parameters('alertResourceGroupName')]",
                              "dependsOn":[
                                 "[resourceId('Microsoft.Resources/resourceGroups', parameters('alertResourceGroupName'))]"
                              ],
                              "properties":{
                                 "mode":"Incremental",
                                 "template":{
                                    "$schema":"https://schema.management.azure.com/schemas/2015-01-01/deploymentTemplate.json#",
                                    "contentVersion":"1.0.0.0",
                                    "parameters":{
                                       "enabled":{
                                          "type":"string"
                                       },
                                       "alertResourceGroupName":{
                                          "type":"string"
                                       },
                                       "ALZMonitorActionGroupEmail":{
                                          "type":"string"
                                       }
                                    },
                                    "variables":{
                                       
                                    },
                                    "resources":[
                                       {
                                          "type":"microsoft.insights/activityLogAlerts",
                                          "apiVersion":"2020-10-01",
                                          "name":"ServiceHealthSecurityIncident",
                                          "location":"global",
                                          "tags":{
                                             "_deployed_by_amba":true
                                          },
                                          "properties":{
                                             "actions":{
                                                "actionGroups":[
                                                   {
                                                      "actionGroupId":"[concat(subscription().Id, '/resourceGroups/', parameters('alertResourceGroupName'), '/providers/microsoft.insights/actionGroups/', 'ag-AMBA-SH-', subscription().displayName, '-001')]"
                                                   }
                                                ]
                                             },
                                             "description":"Service Health Security Alert",
                                             "enabled":"[parameters('enabled')]",
                                             "scopes":[
                                                "[subscription().id]"
                                             ],
                                             "condition":{
                                                "allOf":[
                                                   {
                                                      "field":"category",
                                                      "equals":"ServiceHealth"
                                                   },
                                                   {
                                                      "field":"properties.incidentType",
                                                      "equals":"Security"
                                                   }
                                                ]
                                             },
                                             "parameters":{
                                                "enabled":{
                                                   "value":"[parameters('enabled')]"
                                                }
                                             }
                                          }
                                       }
                                    ]
                                 },
                                 "parameters":{
                                    "enabled":{
                                       "value":"[parameters('enabled')]"
                                    },
                                    "alertResourceGroupName":{
                                       "value":"[parameters('alertResourceGroupName')]"
                                    },
                                    "ALZMonitorActionGroupEmail":{
                                       "value":"[parameters('ALZMonitorActionGroupEmail')]"
                                    }
                                 }
                              }
                           }
                        ]
                     },
                     "parameters":{
                        "enabled":{
                           "value":"[parameters('enabled')]"
                        },
                        "alertResourceGroupName":{
                           "value":"[parameters('alertResourceGroupName')]"
                        },
                        "alertResourceGroupTags":{
                           "value":"[parameters('alertResourceGroupTags')]"
                        },
                        "alertResourceGroupLocation":{
                           "value":"[parameters('alertResourceGroupLocation')]"
                        },
                        "ALZMonitorActionGroupEmail":{
                           "value":"[parameters('ALZMonitorActionGroupEmail')]"
                        }
                     }
                  }
               }
            }
         }
      }
   }
   }