{
  "name": "Audit-Subnet-Without-Nsg",
  "type": "Microsoft.Authorization/policyDefinitions",
  "apiVersion": "2019-10-01",
  "scope": null,
  "properties": {
    "policyType": "Custom",
    "mode": "Indexed",
    "displayName": "Subnets should have a Network Security Group",
    "description": "This policy denies the creation of a subsnet with out an Network Security Group. NSG help to protect traffic across subnet-level.",
    "metadata": {
      "version": "1.0.0",
      "category": "Network"
    },
    "parameters": {
      "effect": {
        "type": "String",
        "allowedValues": [
          "Audit",
          "Deny",
          "Disabled"
        ],
        "defaultValue": "Deny",
        "metadata": {
          "displayName": "Effect",
          "description": "Enable or disable the execution of the policy"
        }
      }
    },
    "policyRule": {
      "if": {
        "allOf": [
          {
            "field": "type",
            "equals": "Microsoft.Network/virtualNetworks/subnets"
          },
          {
            "field": "Microsoft.Network/virtualNetworks/subnets/networkSecurityGroup.id",
            "exists": "false"
          }
        ]
      },
      "then": {
        "effect": "[parameters('effect')]"
      }
    }
  }
}

  