{
  "name": "Audit-DNSZone-Blob",
  "type": "Microsoft.Authorization/policyDefinitions",
  "apiVersion": "2021-06-01",
  "scope": null,
  "properties": {
    "policyType": "Custom",
    "mode": "Indexed",
    "displayName": "Audit DNS  Zone Group for Storage-blob Private Endpoint",
    "description": "Audit DNS  Zone Group for Storage-blob Private Endpoint",
    "metadata": {
      "version": "1.0.0",
      "category": "Storage"
    },
    "parameters": {
      "effect": {
        "type": "String",
        "allowedValues": [
          "Audit",
          "Disabled"
        ],
        "defaultValue": "Audit"
      }
    },
    "policyRule": {
      "if": {
        "allOf": [
          {
            "field": "type",
            "equals": "Microsoft.Network/privateEndpoints"
          },
          {
            "count": {
              "field": "Microsoft.Network/privateEndpoints/privateLinkServiceConnections[*].groupIds[*]",
              "where": {
                "field": "Microsoft.Network/privateEndpoints/privateLinkServiceConnections[*].groupIds[*]",
                "equals": "blob"
              }
            },
            "greaterOrEquals": 1
          }
        ]
      },
      "then": {
        "effect": "[parameters('effect')]"
      }
    }
  }
}