{
  "name": "Audit-SQLMIDB-Backup",
  "type": "Microsoft.Authorization/policyDefinitions",
  "apiVersion": "2021-02-01-preview",
  "scope": null,
  "properties": {
    "policyType": "Custom",
    "mode": "All",
    "displayName": "Long-term geo-redundant backup should be enabled for Azure SQL MI Databases",
    "description": "This policy audits any Azure SQL MI Database with long-term geo-redundant backup not enabled.",
    "metadata": {
      "version": "1.0.0",
      "category": "Backup"
    },
    "parameters": {
      "effect": {
        "type": "String",
        "metadata": {
          "displayName": "Effect",
          "description": "Enable or disable the execution of the policy"
        },
        "allowedValues": [
          "AuditIfNotExists",
          "Disabled"
        ],
        "defaultValue": "AuditIfNotExists"
      }
    },
    "policyRule": {
      "if": {
        "allOf": [
          {
            "field": "type",
            "equals": "Microsoft.Sql/managedInstances/databases"
          },
          {
            "field": "name",
            "notEquals": "master"
          }
        ]
      },
      "then": {
        "effect": "[parameters('effect')]",
        "details": {
          "type": "Microsoft.Sql/managedInstances/databases/backupLongTermRetentionPolicies",
          "name": "default",
          "existenceCondition": {
            "anyOf": [
              {
                "field": "Microsoft.Sql/managedInstances/databases/backupLongTermRetentionPolicies/weeklyRetention",
                "notEquals": "PT0S"
              },
              {
                "field": "Microsoft.Sql/managedInstances/databases/backupLongTermRetentionPolicies/monthlyRetention",
                "notEquals": "PT0S"
              },
              {
                "field": "Microsoft.Sql/managedInstances/databases/backupLongTermRetentionPolicies/yearlyRetention",
                "notEquals": "PT0S"
              }
            ]
          }
        }
      }
    }
  }
}