{
  "name": "Require-Tags-PAAS",
  "type": "Microsoft.Authorization/policyDefinitions",
  "apiVersion": "2021-06-01",
  "scope": null,
  "properties": {
    "policyType": "Custom",
    "mode": "All",
    "displayName": "Requires a Tag  on PAAS Resources",
    "description": "Enforces a required tag on PAAS Resources(Key Vaults, Storage accounts, Sql Server,Cosmos DB, SQL MI, Web App)",
    "metadata": {
      "version": "1.0.0",
      "category": "Tags"
    },
    "parameters": {
      "tagName": {
        "type": "String",
        "metadata": {
          "displayName": "Tag Name",
          "description": "Name of the tag, such as 'environment'"
        }
      }
    },
    "policyRule": {
      "if": {
        "anyof":[
         {
            "allOf": [
              {
                "field": "type",
                "equals": "Microsoft.Sql/servers"
              },
              {
                "field": "[concat('tags[', parameters('tagName'), ']')]",
                "exists": "false"
              }
            ]
          },
          {
            "allOf": [
              {
                "field": "type",
                "equals": "Microsoft.DocumentDB/databaseAccounts"
              },
              {
                "field": "[concat('tags[', parameters('tagName'), ']')]",
                "exists": "false"
              }
            ]
          },
          {
            "allOf": [
              {
                "field": "type",
                "equals": "Microsoft.KeyVault/vaults"
              },
              {
                "field": "[concat('tags[', parameters('tagName'), ']')]",
                "exists": "false"
              }
            ]
          },
          {
            "allOf": [
              {
                "field": "type",
                "equals": "Microsoft.Storage/storageAccounts"
              },
              {
                "field": "[concat('tags[', parameters('tagName'), ']')]",
                "exists": "false"
              }
            ]
          },
          {
            "allOf": [
              {
                "field": "type",
                "equals": "Microsoft.Sql/managedInstances"
              },
              {
                "field": "[concat('tags[', parameters('tagName'), ']')]",
                "exists": "false"
              }
            ]
          },
          {
            "allOf": [
              {
                "field": "type",
                "equals": "Microsoft.Web/sites"
              },
              {
                "field": "[concat('tags[', parameters('tagName'), ']')]",
                "exists": "false"
              }
            ]
          }
        ]
      },
      "then": {
        "effect": "deny"
      }
    }
  }
}