{
  "name": "Audit-Tanium-Windows",
  "type": "Microsoft.Authorization/policyDefinitions",
  "apiVersion": "2021-06-01",
  "scope": null,
  "properties": {
    "policyType": "Custom",
    "mode": "All",
    "displayName": "Audit Windows machines on which Tanium Client service service is not installed and running",
    "description": "Audit Windows machines on which Tanium Client service service is not installed and running",
    "metadata": {
      "version": "1.0.0",
      "category": "Guest Configuration",
      "guestConfiguration": {
        "name": "MPGAuditTaniumClientWindowsService",
        "version": "1.1.0",
        "contentType": "Custom",
        "contentUri": "https://saa3guestconfig002.blob.core.windows.net/guestconfiguration/MPGAuditTaniumClientWindowsService.zip?sv=2020-08-04&st=2022-02-22T04%3A58%3A59Z&se=2025-02-22T04%3A58%3A59Z&sr=b&sp=rl&sig=ULQhjMwi4D%2FWq25lbVCNeo0y7wAXJUzI5lPSzdU3DG0%3D",
        "contentHash": "FA012696F4D43CAE46265DD46FDC40F8288B3DF09078E554403E2A97AC6B0F00",
        "configurationParameter": {}
      }
    },
    "parameters": {
      "IncludeArcMachines": {
        "type": "String",
        "metadata": {
          "displayName": "Include Arc connected servers",
          "description": "By selecting this option, you agree to be charged monthly per Arc connected machine.",
          "portalReview": "true"
        },
        "allowedValues": [
          "true",
          "false"
        ],
        "defaultValue": "false"
      },
      "effect": {
        "type": "String",
        "defaultValue": "auditIfNotExists",
        "allowedValues": [
          "auditIfNotExists"
        ],
        "metadata": {
          "displayName": "Effect",
          "description": "Enable or disable the execution of the policy"
        }
      }
    },
    "policyRule": {
      "if": {
        "anyOf": [
          {
            "allOf": [
              {
                "field": "type",
                "equals": "Microsoft.Compute/virtualMachines"
              },
              {
                "anyOf": [
                  {
                    "field": "Microsoft.Compute/imagePublisher",
                    "in": [
                      "esri",
                      "incredibuild",
                      "MicrosoftDynamicsAX",
                      "MicrosoftSharepoint",
                      "MicrosoftVisualStudio",
                      "MicrosoftWindowsDesktop",
                      "MicrosoftWindowsServerHPCPack"
                    ]
                  },
                  {
                    "allOf": [
                      {
                        "field": "Microsoft.Compute/imagePublisher",
                        "equals": "MicrosoftWindowsServer"
                      },
                      {
                        "field": "Microsoft.Compute/imageSKU",
                        "notLike": "2008*"
                      }
                    ]
                  },
                  {
                    "allOf": [
                      {
                        "field": "Microsoft.Compute/imagePublisher",
                        "equals": "MicrosoftSQLServer"
                      },
                      {
                        "field": "Microsoft.Compute/imageOffer",
                        "notLike": "SQL2008*"
                      }
                    ]
                  },
                  {
                    "allOf": [
                      {
                        "field": "Microsoft.Compute/imagePublisher",
                        "equals": "microsoft-dsvm"
                      },
                      {
                        "field": "Microsoft.Compute/imageOffer",
                        "like": "dsvm-win*"
                      }
                    ]
                  },
                  {
                    "allOf": [
                      {
                        "field": "Microsoft.Compute/imagePublisher",
                        "equals": "microsoft-ads"
                      },
                      {
                        "field": "Microsoft.Compute/imageOffer",
                        "in": [
                          "standard-data-science-vm",
                          "windows-data-science-vm"
                        ]
                      }
                    ]
                  },
                  {
                    "allOf": [
                      {
                        "field": "Microsoft.Compute/imagePublisher",
                        "equals": "batch"
                      },
                      {
                        "field": "Microsoft.Compute/imageOffer",
                        "equals": "rendering-windows2016"
                      }
                    ]
                  },
                  {
                    "allOf": [
                      {
                        "field": "Microsoft.Compute/imagePublisher",
                        "equals": "center-for-internet-security-inc"
                      },
                      {
                        "field": "Microsoft.Compute/imageOffer",
                        "like": "cis-windows-server-201*"
                      }
                    ]
                  },
                  {
                    "allOf": [
                      {
                        "field": "Microsoft.Compute/imagePublisher",
                        "equals": "pivotal"
                      },
                      {
                        "field": "Microsoft.Compute/imageOffer",
                        "like": "bosh-windows-server*"
                      }
                    ]
                  },
                  {
                    "allOf": [
                      {
                        "field": "Microsoft.Compute/imagePublisher",
                        "equals": "cloud-infrastructure-services"
                      },
                      {
                        "field": "Microsoft.Compute/imageOffer",
                        "like": "ad*"
                      }
                    ]
                  },
                  {
                    "allOf": [
                      {
                        "anyOf": [
                          {
                            "field": "Microsoft.Compute/virtualMachines/osProfile.windowsConfiguration",
                            "exists": "true"
                          },
                          {
                            "field": "Microsoft.Compute/virtualMachines/storageProfile.osDisk.osType",
                            "like": "Windows*"
                          }
                        ]
                      },
                      {
                        "anyOf": [
                          {
                            "field": "Microsoft.Compute/imageSKU",
                            "exists": "false"
                          },
                          {
                            "allOf": [
                              {
                                "field": "Microsoft.Compute/imageSKU",
                                "notLike": "2008*"
                              },
                              {
                                "field": "Microsoft.Compute/imageOffer",
                                "notLike": "SQL2008*"
                              }
                            ]
                          }
                        ]
                      }
                    ]
                  }
                ]
              }
            ]
          },
          {
            "allOf": [
              {
                "value": "[parameters('IncludeArcMachines')]",
                "equals": "true"
              },
              {
                "anyOf": [
                  {
                    "allOf": [
                      {
                        "field": "type",
                        "equals": "Microsoft.HybridCompute/machines"
                      },
                      {
                        "field": "Microsoft.HybridCompute/imageOffer",
                        "like": "windows*"
                      }
                    ]
                  },
                  {
                    "allOf": [
                      {
                        "field": "type",
                        "equals": "Microsoft.ConnectedVMwarevSphere/virtualMachines"
                      },
                      {
                        "field": "Microsoft.ConnectedVMwarevSphere/virtualMachines/osProfile.osType",
                        "like": "windows*"
                      }
                    ]
                  }
                ]
              }
            ]
          }
        ]
      },
      "then": {
        "effect": "[parameters('effect')]",
        "details": {
          "type": "Microsoft.GuestConfiguration/guestConfigurationAssignments",
          "name": "MPGAuditTaniumClientWindowsService",
          "existenceCondition": {
            "allOf": [
              {
                "field": "Microsoft.GuestConfiguration/guestConfigurationAssignments/complianceStatus",
                "equals": "Compliant"
              }
            ]
          }
        }
      }
    }
  }
}